temperature,humidity,moisture,risk_level,pest
26.7,70.9,13.2,MEDIUM,Rice Weevil
20.8,57.7,10.4,LOW,NONE
28.4,72.9,13.3,MEDIUM,Rice Weevil
23.4,58.4,11.0,LOW,NONE
28.2,71.6,13.3,MEDIUM,Rice Weevil
31.3,93.4,28.8,HIGH,Lesser Grain Borer
20.6,56.6,12.6,LOW,NONE
27.3,69.2,13.5,MEDIUM,Rice Weevil
29.8,74.5,13.8,MEDIUM,Rice Moth
21.5,57.2,11.8,LOW,NONE
29.9,73.6,13.6,MEDIUM,Rice Weevil
22.7,59.5,11.4,LOW,NONE
39.1,88.6,26.1,HIGH,Rice Moth
32.1,93.0,20.5,HIGH,Rice Moth
28.6,74.5,13.4,MEDIUM,Rice Weevil
29.4,73.8,13.7,MEDIUM,Rice Weevil
20.2,59.1,10.3,LOW,NONE
21.2,56.6,10.6,LOW,NONE
23.1,61.8,11.0,LOW,NONE
20.7,56.2,11.5,LOW,NONE
24.2,59.6,12.7,LOW,NONE
29.2,74.0,13.9,MEDIUM,Rice Moth
34.6,88.6,17.9,HIGH,Rice Weevil
28.5,75.0,14.0,MEDIUM,Rice Moth
24.2,51.6,11.8,LOW,NONE
38.3,88.7,25.6,HIGH,Rice Weevil
20.8,54.1,12.3,LOW,NONE
36.4,86.2,28.2,HIGH,Lesser Grain Borer
24.9,64.5,12.7,LOW,NONE
22.9,62.0,12.3,LOW,NONE
24.6,53.6,12.1,LOW,NONE
31.3,83.3,15.0,HIGH,Rice Moth
23.2,50.9,12.9,LOW,NONE
31.9,94.4,21.5,HIGH,Lesser Grain Borer
21.9,57.7,11.1,LOW,NONE
28.1,73.0,13.6,MEDIUM,Rice Weevil
24.3,50.3,10.7,LOW,NONE
27.2,70.6,13.3,MEDIUM,Rice Moth
31.9,83.7,24.2,HIGH,Lesser Grain Borer
35.9,94.4,19.5,HIGH,Rice Moth
28.7,71.3,13.5,MEDIUM,Rice Moth
23.6,59.2,13.0,LOW,NONE
26.2,69.5,13.2,MEDIUM,Rice Weevil
26.5,68.8,13.6,MEDIUM,Rice Moth
22.2,51.1,12.0,LOW,NONE
26.1,69.9,13.5,MEDIUM,Rice Moth
28.6,73.7,13.3,MEDIUM,Rice Weevil
29.7,75.0,13.6,MEDIUM,Rice Weevil
35.7,85.9,30.2,HIGH,Lesser Grain Borer
27.0,71.7,13.1,MEDIUM,Rice Moth
24.1,52.3,12.6,LOW,NONE
26.7,70.6,13.6,MEDIUM,Rice Weevil
23.7,63.0,12.2,LOW,NONE
29.7,72.4,13.9,MEDIUM,Rice Moth
33.1,92.1,32.1,HIGH,Rice Weevil
24.3,55.4,10.9,LOW,NONE
22.8,50.5,12.0,LOW,NONE
26.8,69.8,13.6,MEDIUM,Rice Weevil
29.6,73.9,13.6,MEDIUM,Rice Weevil
33.7,86.1,17.5,HIGH,Lesser Grain Borer
21.6,58.0,12.9,LOW,NONE
22.9,62.7,12.3,LOW,NONE
35.1,92.1,34.9,HIGH,Rice Weevil
20.8,64.5,10.6,LOW,NONE
38.4,76.4,19.0,HIGH,Rice Moth
28.7,73.0,13.6,MEDIUM,Rice Weevil
35.7,88.0,26.0,HIGH,Lesser Grain Borer
34.3,93.1,32.9,HIGH,Rice Weevil
24.4,62.2,10.8,LOW,NONE
35.2,89.2,26.8,HIGH,Rice Moth
29.0,74.6,13.2,MEDIUM,Rice Moth
24.8,58.4,11.8,LOW,NONE
21.9,56.7,10.3,LOW,NONE
20.4,66.1,12.6,LOW,NONE
22.0,51.2,10.1,LOW,NONE
20.9,63.8,10.7,LOW,NONE
29.2,73.0,13.4,MEDIUM,Rice Weevil
23.0,53.2,11.1,LOW,NONE
24.0,61.8,10.9,LOW,NONE
38.0,80.7,26.4,HIGH,Rice Weevil
38.7,88.6,24.4,HIGH,Lesser Grain Borer
36.9,88.4,25.9,HIGH,Rice Weevil
29.6,69.4,13.5,MEDIUM,Rice Moth
36.8,78.4,17.6,HIGH,Lesser Grain Borer
26.1,73.2,13.7,MEDIUM,Rice Weevil
24.4,54.2,10.7,LOW,NONE
27.7,71.6,13.5,MEDIUM,Rice Moth
24.4,59.0,11.6,LOW,NONE
31.1,80.5,24.5,HIGH,Rice Moth
32.1,93.9,28.1,HIGH,Rice Weevil
29.2,70.5,13.2,MEDIUM,Rice Moth
37.3,92.1,29.4,HIGH,Lesser Grain Borer
27.4,70.0,13.8,MEDIUM,Rice Moth
29.6,74.2,13.7,MEDIUM,Rice Moth
38.5,86.3,28.4,HIGH,Rice Weevil
24.9,60.2,12.9,LOW,NONE
29.6,73.0,14.0,MEDIUM,Rice Moth
28.0,70.2,14.0,MEDIUM,Rice Moth
28.9,68.8,13.5,MEDIUM,Rice Weevil
34.0,89.7,24.6,HIGH,Lesser Grain Borer
20.3,56.8,12.4,LOW,NONE
27.9,72.1,13.4,MEDIUM,Rice Weevil
20.5,66.4,11.1,LOW,NONE
26.5,71.6,13.8,MEDIUM,Rice Moth
34.9,93.4,29.3,HIGH,Rice Moth
23.8,58.4,10.0,LOW,NONE
21.1,64.5,10.8,LOW,NONE
24.7,59.2,10.5,LOW,NONE
26.6,74.2,13.5,MEDIUM,Rice Moth
39.7,82.5,25.2,HIGH,Lesser Grain Borer
22.9,55.0,12.4,LOW,NONE
20.5,56.8,11.6,LOW,NONE
27.6,69.3,13.9,MEDIUM,Rice Weevil
28.9,71.3,13.7,MEDIUM,Rice Moth
28.6,70.2,13.5,MEDIUM,Rice Weevil
20.9,65.0,11.9,LOW,NONE
21.1,61.6,12.5,LOW,NONE
23.0,52.5,11.6,LOW,NONE
31.8,85.2,19.9,HIGH,Rice Weevil
21.1,61.4,11.6,LOW,NONE
27.3,71.1,13.1,MEDIUM,Rice Weevil
22.3,51.1,10.8,LOW,NONE
22.9,59.5,11.3,LOW,NONE
34.6,83.7,20.1,HIGH,Rice Moth
28.5,74.1,13.3,MEDIUM,Rice Weevil
28.9,74.6,13.4,MEDIUM,Rice Moth
24.1,51.0,11.0,LOW,NONE
25.0,59.8,10.6,LOW,NONE
39.0,80.3,27.3,HIGH,Rice Moth
26.7,72.4,13.3,MEDIUM,Rice Weevil
28.3,70.3,13.1,MEDIUM,Rice Moth
24.7,59.4,11.5,LOW,NONE
24.1,56.6,10.6,LOW,NONE
22.4,53.2,11.6,LOW,NONE
33.9,95.0,28.0,HIGH,Rice Weevil
23.9,59.6,11.5,LOW,NONE
38.4,79.0,18.6,HIGH,Rice Weevil
26.0,74.3,13.8,MEDIUM,Rice Moth
22.9,63.2,10.1,LOW,NONE
37.9,86.2,34.1,HIGH,Rice Weevil
29.0,72.8,13.9,MEDIUM,Rice Weevil
29.1,71.5,13.4,MEDIUM,Rice Weevil
26.3,70.4,13.6,MEDIUM,Rice Weevil
22.6,65.7,10.4,LOW,NONE
21.1,51.7,12.6,LOW,NONE
29.4,72.0,13.4,MEDIUM,Rice Moth
35.9,89.4,29.7,HIGH,Rice Moth
21.7,55.0,13.0,LOW,NONE
27.2,74.4,13.6,MEDIUM,Rice Moth
27.6,68.8,13.9,MEDIUM,Rice Weevil
37.3,85.3,28.9,HIGH,Rice Weevil
39.3,76.1,15.8,HIGH,Rice Moth
29.5,75.0,13.1,MEDIUM,Rice Weevil
27.0,71.9,13.5,MEDIUM,Rice Weevil
37.4,81.1,20.4,HIGH,Rice Weevil
29.4,74.6,13.2,MEDIUM,Rice Weevil
36.0,93.4,23.6,HIGH,Rice Moth
20.2,64.1,11.9,LOW,NONE
23.5,57.1,12.8,LOW,NONE
28.6,68.8,13.2,MEDIUM,Rice Weevil
34.1,83.5,19.7,HIGH,Rice Moth
31.9,84.8,22.4,HIGH,Rice Weevil
28.9,73.1,13.5,MEDIUM,Rice Weevil
33.1,89.3,19.4,HIGH,Lesser Grain Borer
28.7,72.9,13.3,MEDIUM,Rice Moth
21.0,66.2,10.9,LOW,NONE
32.9,78.3,32.4,HIGH,Lesser Grain Borer
20.4,50.5,12.0,LOW,NONE
26.7,74.6,13.5,MEDIUM,Rice Moth
22.3,53.7,13.0,LOW,NONE
38.8,80.6,15.6,HIGH,Rice Moth
33.2,94.1,31.3,HIGH,Rice Weevil
35.0,89.2,29.2,HIGH,Lesser Grain Borer
28.6,74.0,13.8,MEDIUM,Rice Weevil
28.4,73.8,13.3,MEDIUM,Rice Weevil
33.1,80.7,21.4,HIGH,Rice Weevil
35.5,85.7,20.5,HIGH,Rice Moth
33.7,78.7,18.8,HIGH,Rice Weevil
20.8,53.5,11.3,LOW,NONE
21.7,60.1,10.0,LOW,NONE
38.8,76.1,27.8,HIGH,Lesser Grain Borer
33.4,81.5,15.4,HIGH,Lesser Grain Borer
36.7,87.3,30.2,HIGH,Rice Moth
21.2,56.9,11.0,LOW,NONE
28.1,74.9,13.4,MEDIUM,Rice Moth
30.0,74.2,13.3,MEDIUM,Rice Moth
32.1,89.0,34.1,HIGH,Rice Moth
24.4,62.7,12.9,LOW,NONE
27.0,70.7,13.2,MEDIUM,Rice Moth
24.9,63.1,12.6,LOW,NONE
28.7,72.5,13.9,MEDIUM,Rice Moth
26.9,72.3,13.8,MEDIUM,Rice Weevil
23.5,64.1,10.6,LOW,NONE
27.4,69.0,13.3,MEDIUM,Rice Moth
31.2,81.8,22.5,HIGH,Rice Weevil
36.7,88.3,17.1,HIGH,Rice Weevil
31.4,92.8,34.7,HIGH,Rice Weevil
27.0,68.8,13.7,MEDIUM,Rice Weevil
38.2,81.4,14.7,HIGH,Rice Moth
22.2,62.7,12.6,LOW,NONE
39.1,93.5,27.0,HIGH,Rice Moth
32.6,84.3,23.5,HIGH,Lesser Grain Borer
29.2,69.8,13.2,MEDIUM,Rice Moth
33.2,91.8,17.6,HIGH,Rice Moth
22.8,51.1,10.7,LOW,NONE
20.2,61.3,11.2,LOW,NONE
20.1,52.5,12.8,LOW,NONE
23.7,63.1,11.3,LOW,NONE
23.2,57.9,10.7,LOW,NONE
29.9,70.5,13.1,MEDIUM,Rice Moth
26.2,71.9,13.9,MEDIUM,Rice Moth
26.8,70.9,13.8,MEDIUM,Rice Weevil
29.1,72.4,13.1,MEDIUM,Rice Moth
21.8,62.4,10.5,LOW,NONE
28.1,73.6,13.9,MEDIUM,Rice Weevil
26.1,74.2,13.7,MEDIUM,Rice Weevil
28.3,70.1,13.9,MEDIUM,Rice Moth
29.8,72.2,13.9,MEDIUM,Rice Weevil
33.5,90.1,31.2,HIGH,Rice Weevil
23.6,58.8,10.8,LOW,NONE
21.4,59.1,12.0,LOW,NONE
35.0,90.2,29.9,HIGH,Rice Weevil
28.7,70.4,14.0,MEDIUM,Rice Moth
33.4,88.9,21.0,HIGH,Rice Moth
24.1,65.4,10.4,LOW,NONE
22.8,54.0,10.3,LOW,NONE
29.3,74.8,13.4,MEDIUM,Rice Weevil
33.2,84.2,30.9,HIGH,Rice Moth
23.9,63.2,12.5,LOW,NONE
29.2,68.6,13.8,MEDIUM,Rice Moth
35.9,76.9,26.4,HIGH,Rice Weevil
36.5,92.0,21.4,HIGH,Rice Weevil
31.2,93.3,24.3,HIGH,Lesser Grain Borer
20.8,51.9,12.1,LOW,NONE
29.5,73.5,13.5,MEDIUM,Rice Weevil
20.5,50.7,11.8,LOW,NONE
26.7,74.6,13.7,MEDIUM,Rice Weevil
35.0,78.4,18.8,HIGH,Rice Weevil
22.2,51.6,10.9,LOW,NONE
26.8,73.8,13.7,MEDIUM,Rice Moth
23.3,58.6,11.3,LOW,NONE
21.6,58.5,12.1,LOW,NONE
31.8,83.4,25.8,HIGH,Lesser Grain Borer
38.1,88.1,24.6,HIGH,Rice Weevil
24.4,52.3,11.3,LOW,NONE
26.8,75.0,13.5,MEDIUM,Rice Moth
22.1,50.1,10.6,LOW,NONE
33.9,77.3,16.3,HIGH,Lesser Grain Borer
26.9,73.0,13.7,MEDIUM,Rice Moth
38.6,81.8,28.7,HIGH,Rice Moth
38.0,77.8,29.8,HIGH,Rice Moth
22.6,65.4,10.9,LOW,NONE
28.2,72.1,14.0,MEDIUM,Rice Weevil
26.2,71.5,13.2,MEDIUM,Rice Moth
20.3,54.2,12.9,LOW,NONE
24.4,64.1,12.1,LOW,NONE
28.0,72.4,13.2,MEDIUM,Rice Moth
26.0,68.2,13.9,MEDIUM,Rice Moth
36.6,90.4,32.6,HIGH,Lesser Grain Borer
21.6,51.7,11.8,LOW,NONE
27.7,69.8,13.2,MEDIUM,Rice Weevil
22.9,54.1,12.1,LOW,NONE
22.1,54.4,11.3,LOW,NONE
28.2,68.1,13.9,MEDIUM,Rice Moth
24.4,65.6,10.8,LOW,NONE
31.6,77.1,15.9,HIGH,Lesser Grain Borer
39.0,92.6,28.6,HIGH,Rice Weevil
28.6,74.3,13.6,MEDIUM,Rice Moth
37.6,94.5,29.9,HIGH,Lesser Grain Borer
30.0,73.0,13.7,MEDIUM,Rice Moth
23.1,66.5,11.0,LOW,NONE
29.6,74.2,13.8,MEDIUM,Rice Weevil
35.5,80.4,15.3,HIGH,Rice Weevil
22.2,57.8,12.2,LOW,NONE
27.3,73.1,13.3,MEDIUM,Rice Moth
39.5,87.6,20.7,HIGH,Lesser Grain Borer
28.1,68.6,13.3,MEDIUM,Rice Weevil
26.3,74.4,13.3,MEDIUM,Rice Moth
26.3,73.2,13.7,MEDIUM,Rice Weevil
35.3,76.3,33.5,HIGH,Rice Weevil
26.9,73.0,13.9,MEDIUM,Rice Moth
22.7,57.0,11.8,LOW,NONE
26.8,68.9,13.7,MEDIUM,Rice Weevil
27.3,70.0,13.9,MEDIUM,Rice Weevil
27.2,73.6,13.7,MEDIUM,Rice Moth
36.8,84.9,31.5,HIGH,Rice Moth
21.7,58.0,10.3,LOW,NONE
22.5,65.8,11.4,LOW,NONE
32.3,76.9,32.0,HIGH,Lesser Grain Borer
21.6,63.1,13.0,LOW,NONE
28.7,71.0,13.9,MEDIUM,Rice Moth
37.3,91.7,22.5,HIGH,Lesser Grain Borer
21.8,60.7,11.6,LOW,NONE
34.9,84.4,27.9,HIGH,Rice Weevil
22.3,61.2,12.2,LOW,NONE
22.5,57.0,11.4,LOW,NONE
27.3,71.4,13.3,MEDIUM,Rice Weevil
34.5,93.3,14.5,HIGH,Rice Weevil
39.9,83.3,21.6,HIGH,Lesser Grain Borer
31.5,86.9,27.3,HIGH,Lesser Grain Borer
29.6,74.7,13.1,MEDIUM,Rice Moth
23.6,63.8,10.5,LOW,NONE
24.5,50.7,10.1,LOW,NONE
38.2,80.4,20.7,HIGH,Rice Moth
33.4,82.6,15.8,HIGH,Lesser Grain Borer
36.4,81.3,30.5,HIGH,Lesser Grain Borer
21.3,58.8,10.3,LOW,NONE
29.9,71.4,13.3,MEDIUM,Rice Moth
26.5,68.9,13.5,MEDIUM,Rice Moth
26.4,68.5,13.3,MEDIUM,Rice Moth
20.4,62.3,12.0,LOW,NONE
27.9,69.3,13.3,MEDIUM,Rice Weevil
22.3,64.4,10.9,LOW,NONE
31.1,80.2,22.8,HIGH,Rice Weevil
26.6,73.5,13.9,MEDIUM,Rice Moth
35.2,77.7,23.4,HIGH,Lesser Grain Borer
33.1,77.4,16.6,HIGH,Rice Moth
34.9,86.9,16.2,HIGH,Rice Moth
27.1,73.4,13.3,MEDIUM,Rice Weevil
28.9,74.2,13.7,MEDIUM,Rice Weevil
28.3,73.8,13.2,MEDIUM,Rice Weevil
23.8,61.0,10.9,LOW,NONE
35.6,87.5,26.4,HIGH,Rice Weevil
29.4,73.5,13.7,MEDIUM,Rice Weevil
22.2,62.1,11.8,LOW,NONE
37.6,94.1,30.0,HIGH,Rice Moth
27.9,70.6,13.8,MEDIUM,Rice Moth
28.5,73.1,13.2,MEDIUM,Rice Moth
27.1,70.0,13.7,MEDIUM,Rice Moth
28.2,70.3,13.5,MEDIUM,Rice Weevil
24.3,63.3,10.9,LOW,NONE
37.9,94.6,30.1,HIGH,Rice Moth
21.0,61.1,10.1,LOW,NONE
20.9,61.3,11.0,LOW,NONE
26.6,73.4,13.4,MEDIUM,Rice Weevil
27.2,71.4,14.0,MEDIUM,Rice Weevil
29.1,74.9,13.5,MEDIUM,Rice Weevil
31.4,88.6,24.2,HIGH,Lesser Grain Borer
20.6,58.2,12.8,LOW,NONE
24.1,50.2,11.4,LOW,NONE
29.4,71.3,13.6,MEDIUM,Rice Weevil
38.4,82.4,27.8,HIGH,Rice Moth
39.7,90.1,28.8,HIGH,Rice Moth
38.8,87.7,32.8,HIGH,Lesser Grain Borer
31.5,79.3,20.0,HIGH,Rice Moth
39.6,77.8,21.6,HIGH,Lesser Grain Borer
20.6,53.2,11.7,LOW,NONE
31.4,76.8,24.3,HIGH,Lesser Grain Borer
26.2,70.5,13.5,MEDIUM,Rice Weevil
27.9,70.6,13.7,MEDIUM,Rice Moth
21.3,50.5,12.7,LOW,NONE
36.8,85.2,31.1,HIGH,Rice Weevil
20.9,65.4,11.9,LOW,NONE
20.9,53.3,12.9,LOW,NONE
23.8,64.8,11.6,LOW,NONE
22.2,57.7,11.3,LOW,NONE
29.5,69.5,13.9,MEDIUM,Rice Weevil
39.2,77.5,33.1,HIGH,Rice Weevil
27.7,73.3,13.3,MEDIUM,Rice Moth
31.3,91.4,31.1,HIGH,Rice Weevil
27.1,72.2,13.6,MEDIUM,Rice Weevil
29.1,69.8,13.5,MEDIUM,Rice Weevil
32.2,86.5,19.0,HIGH,Lesser Grain Borer
21.9,57.0,11.8,LOW,NONE
27.1,69.5,13.3,MEDIUM,Rice Weevil
23.8,60.7,12.4,LOW,NONE
27.9,73.4,13.8,MEDIUM,Rice Weevil
28.3,71.3,13.3,MEDIUM,Rice Moth
37.8,86.6,18.5,HIGH,Rice Moth
27.2,70.3,13.7,MEDIUM,Rice Weevil
33.7,93.7,28.5,HIGH,Rice Weevil
28.0,71.2,13.2,MEDIUM,Rice Moth
21.1,66.7,12.6,LOW,NONE
24.8,53.7,11.2,LOW,NONE
27.5,72.4,13.5,MEDIUM,Rice Moth
21.1,55.6,12.5,LOW,NONE
28.0,69.1,13.4,MEDIUM,Rice Weevil
24.4,59.7,12.2,LOW,NONE
29.9,69.7,13.2,MEDIUM,Rice Moth
28.3,71.9,13.2,MEDIUM,Rice Moth
36.9,87.3,22.2,HIGH,Lesser Grain Borer
39.2,92.5,26.9,HIGH,Rice Weevil
29.3,69.3,13.3,MEDIUM,Rice Moth
29.7,70.6,13.6,MEDIUM,Rice Weevil
20.4,59.1,12.2,LOW,NONE
35.0,94.1,28.8,HIGH,Rice Weevil
27.2,72.0,13.2,MEDIUM,Rice Moth
28.6,71.1,13.2,MEDIUM,Rice Moth
36.2,93.6,26.4,HIGH,Lesser Grain Borer
22.7,66.0,12.1,LOW,NONE
33.1,76.2,19.3,HIGH,Lesser Grain Borer
29.7,69.9,13.6,MEDIUM,Rice Moth
29.1,69.9,13.8,MEDIUM,Rice Weevil
26.8,74.4,13.5,MEDIUM,Rice Weevil
36.8,94.4,24.0,HIGH,Lesser Grain Borer
27.2,72.1,13.8,MEDIUM,Rice Moth
29.6,68.9,13.5,MEDIUM,Rice Moth
29.6,74.6,13.9,MEDIUM,Rice Moth
26.1,71.9,13.6,MEDIUM,Rice Weevil
36.8,79.4,28.4,HIGH,Rice Moth
29.6,74.5,13.1,MEDIUM,Rice Moth
20.7,56.8,12.0,LOW,NONE
24.7,65.9,11.0,LOW,NONE
26.8,72.2,13.7,MEDIUM,Rice Weevil
24.7,52.6,10.6,LOW,NONE
22.0,62.5,10.6,LOW,NONE
26.3,73.9,13.6,MEDIUM,Rice Weevil
26.2,70.6,13.9,MEDIUM,Rice Moth
32.9,84.1,18.0,HIGH,Lesser Grain Borer
34.2,93.0,15.0,HIGH,Rice Weevil
35.6,78.2,22.2,HIGH,Rice Weevil
24.5,50.9,10.2,LOW,NONE
28.1,71.7,13.5,MEDIUM,Rice Moth
28.3,72.3,13.2,MEDIUM,Rice Weevil
34.9,94.8,16.7,HIGH,Lesser Grain Borer
36.9,87.6,26.9,HIGH,Rice Moth
23.4,59.5,10.9,LOW,NONE
34.1,86.1,32.0,HIGH,Lesser Grain Borer
23.2,65.7,11.2,LOW,NONE
24.6,50.5,12.7,LOW,NONE
35.0,87.0,20.8,HIGH,Rice Moth
22.8,51.2,11.5,LOW,NONE
32.5,94.6,33.5,HIGH,Lesser Grain Borer
34.0,83.9,14.2,HIGH,Rice Weevil
37.2,76.3,15.2,HIGH,Rice Moth
23.6,50.1,10.5,LOW,NONE
20.3,63.6,10.8,LOW,NONE
23.1,65.1,12.1,LOW,NONE
22.7,67.0,10.7,LOW,NONE
21.8,65.5,12.6,LOW,NONE
36.6,84.3,18.1,HIGH,Rice Weevil
21.0,50.5,10.1,LOW,NONE
28.7,73.3,13.4,MEDIUM,Rice Moth
26.1,73.5,13.1,MEDIUM,Rice Weevil
27.7,68.1,13.9,MEDIUM,Rice Moth
36.3,80.6,34.5,HIGH,Lesser Grain Borer
39.6,92.6,15.9,HIGH,Rice Moth
20.5,60.1,12.9,LOW,NONE
27.2,68.9,13.7,MEDIUM,Rice Moth
27.1,69.6,13.3,MEDIUM,Rice Moth
27.0,70.2,13.3,MEDIUM,Rice Weevil
24.9,66.4,11.1,LOW,NONE
24.1,54.5,10.4,LOW,NONE
27.1,72.9,13.8,MEDIUM,Rice Moth
33.7,81.7,16.2,HIGH,Lesser Grain Borer
22.7,60.5,12.9,LOW,NONE
24.8,51.9,11.9,LOW,NONE
32.0,86.3,23.2,HIGH,Rice Weevil
24.4,52.0,12.6,LOW,NONE
26.5,73.5,13.5,MEDIUM,Rice Weevil
22.8,55.9,10.1,LOW,NONE
22.6,65.5,11.7,LOW,NONE
28.8,74.9,13.5,MEDIUM,Rice Weevil
34.5,80.8,20.9,HIGH,Rice Weevil
29.6,73.2,13.9,MEDIUM,Rice Moth
21.8,59.4,10.1,LOW,NONE
37.3,76.1,30.8,HIGH,Rice Weevil
27.7,71.8,14.0,MEDIUM,Rice Moth
23.2,57.8,10.5,LOW,NONE
35.9,93.2,18.6,HIGH,Lesser Grain Borer
24.0,53.5,12.3,LOW,NONE
21.8,52.4,10.5,LOW,NONE
24.0,61.3,11.8,LOW,NONE
27.9,72.4,13.3,MEDIUM,Rice Weevil
20.6,53.1,10.4,LOW,NONE
23.8,60.2,10.8,LOW,NONE
36.0,81.2,22.0,HIGH,Rice Moth
34.6,80.3,31.4,HIGH,Rice Weevil
33.5,76.9,15.2,HIGH,Rice Moth
22.1,57.8,11.8,LOW,NONE
20.8,62.9,10.9,LOW,NONE
31.8,91.8,29.0,HIGH,Rice Moth
29.5,72.6,13.3,MEDIUM,Rice Weevil
33.9,76.2,21.6,HIGH,Rice Moth
21.8,65.7,12.5,LOW,NONE
20.9,64.3,10.2,LOW,NONE
21.7,56.2,10.4,LOW,NONE
38.4,87.9,23.8,HIGH,Lesser Grain Borer
27.2,69.8,13.3,MEDIUM,Rice Weevil
22.6,53.5,11.2,LOW,NONE
34.2,86.0,20.9,HIGH,Rice Moth
28.6,72.2,13.9,MEDIUM,Rice Weevil
29.8,70.0,13.3,MEDIUM,Rice Moth
32.1,92.6,22.5,HIGH,Rice Moth
39.2,89.2,17.6,HIGH,Lesser Grain Borer
26.0,68.8,13.3,MEDIUM,Rice Weevil
32.5,80.2,22.6,HIGH,Lesser Grain Borer
20.1,58.8,10.7,LOW,NONE
28.6,71.8,13.3,MEDIUM,Rice Weevil
39.5,86.9,20.6,HIGH,Lesser Grain Borer
24.0,50.9,10.6,LOW,NONE
21.7,53.9,11.4,LOW,NONE
29.5,69.4,13.4,MEDIUM,Rice Moth
20.5,64.7,12.8,LOW,NONE
34.6,88.8,34.2,HIGH,Lesser Grain Borer
24.6,59.4,11.5,LOW,NONE
34.3,78.2,31.0,HIGH,Lesser Grain Borer
35.1,84.5,26.4,HIGH,Rice Weevil
28.2,71.8,13.4,MEDIUM,Rice Moth
37.7,92.2,32.1,HIGH,Rice Moth
26.8,74.9,13.2,MEDIUM,Rice Moth
27.3,70.1,13.4,MEDIUM,Rice Moth
20.9,50.6,11.3,LOW,NONE
20.2,50.4,12.4,LOW,NONE
37.8,88.1,34.7,HIGH,Rice Moth
37.3,88.8,28.9,HIGH,Lesser Grain Borer
22.6,53.3,11.3,LOW,NONE
26.8,72.0,14.0,MEDIUM,Rice Weevil
33.0,79.1,16.3,HIGH,Rice Weevil
23.9,65.0,11.7,LOW,NONE
23.3,62.1,11.7,LOW,NONE
21.7,66.8,11.8,LOW,NONE
33.5,76.8,21.2,HIGH,Rice Moth
32.2,86.2,25.3,HIGH,Lesser Grain Borer
37.8,85.7,15.0,HIGH,Rice Moth
31.8,94.7,25.1,HIGH,Rice Weevil
22.0,53.6,10.5,LOW,NONE
29.4,72.7,13.2,MEDIUM,Rice Weevil
35.2,85.9,29.5,HIGH,Lesser Grain Borer
28.8,70.6,13.4,MEDIUM,Rice Weevil
40.0,83.8,27.2,HIGH,Rice Weevil
20.5,58.4,11.0,LOW,NONE
26.0,73.6,13.9,MEDIUM,Rice Moth
30.0,68.1,13.8,MEDIUM,Rice Moth
22.0,59.4,11.3,LOW,NONE
29.9,68.1,13.2,MEDIUM,Rice Moth
38.6,78.3,19.9,HIGH,Rice Moth
29.9,74.7,14.0,MEDIUM,Rice Moth
22.5,51.2,11.5,LOW,NONE
27.6,71.8,13.6,MEDIUM,Rice Moth
27.1,70.3,13.2,MEDIUM,Rice Weevil
28.7,72.3,14.0,MEDIUM,Rice Weevil
21.3,59.6,11.5,LOW,NONE
24.3,50.2,11.2,LOW,NONE
34.2,88.8,33.2,HIGH,Lesser Grain Borer
22.8,59.7,10.7,LOW,NONE
35.3,77.4,29.2,HIGH,Rice Moth
38.2,86.0,32.8,HIGH,Lesser Grain Borer
26.0,72.6,13.6,MEDIUM,Rice Weevil
36.9,91.1,32.8,HIGH,Rice Weevil
33.7,92.6,18.6,HIGH,Lesser Grain Borer
33.8,90.4,14.8,HIGH,Lesser Grain Borer
26.5,68.8,13.6,MEDIUM,Rice Weevil
26.3,68.1,13.9,MEDIUM,Rice Moth
31.1,88.8,28.0,HIGH,Lesser Grain Borer
35.0,89.0,25.4,HIGH,Rice Moth
27.8,73.5,13.9,MEDIUM,Rice Moth
33.2,94.0,15.9,HIGH,Rice Weevil
28.9,68.3,13.8,MEDIUM,Rice Weevil
26.8,68.9,13.8,MEDIUM,Rice Weevil
27.3,72.1,13.2,MEDIUM,Rice Weevil
31.5,87.8,27.0,HIGH,Lesser Grain Borer
39.7,86.1,23.6,HIGH,Rice Moth
22.4,59.5,10.8,LOW,NONE
20.0,54.5,11.7,LOW,NONE
24.7,54.5,12.1,LOW,NONE
22.8,65.0,10.3,LOW,NONE
31.8,76.8,31.3,HIGH,Rice Weevil
26.8,74.5,13.6,MEDIUM,Rice Weevil
20.7,63.3,10.5,LOW,NONE
24.1,58.8,11.7,LOW,NONE
24.7,64.6,10.8,LOW,NONE
26.5,71.9,13.8,MEDIUM,Rice Weevil
32.6,83.4,26.2,HIGH,Lesser Grain Borer
38.3,76.9,24.6,HIGH,Rice Moth
24.3,62.3,12.0,LOW,NONE
27.2,73.9,13.7,MEDIUM,Rice Weevil
23.6,50.1,12.7,LOW,NONE
26.3,73.7,13.3,MEDIUM,Rice Weevil
31.1,81.8,26.9,HIGH,Rice Moth
35.0,86.2,31.2,HIGH,Rice Weevil
24.4,57.5,11.3,LOW,NONE
34.6,84.0,22.4,HIGH,Rice Moth
22.6,57.2,10.8,LOW,NONE
31.6,78.2,22.1,HIGH,Rice Weevil
26.2,74.4,13.8,MEDIUM,Rice Moth
28.2,69.1,14.0,MEDIUM,Rice Moth
22.2,60.2,12.4,LOW,NONE
35.9,90.5,29.8,HIGH,Rice Moth
35.1,88.8,14.4,HIGH,Rice Weevil
29.6,72.8,14.0,MEDIUM,Rice Moth
32.5,82.1,14.7,HIGH,Rice Moth
27.4,68.7,13.6,MEDIUM,Rice Moth
34.9,92.6,17.5,HIGH,Lesser Grain Borer
35.4,78.2,16.3,HIGH,Rice Weevil
24.9,58.4,11.4,LOW,NONE
23.1,62.8,10.5,LOW,NONE
29.0,71.1,13.4,MEDIUM,Rice Weevil
23.6,57.1,10.6,LOW,NONE
31.5,80.9,15.7,HIGH,Rice Moth
32.8,91.3,22.7,HIGH,Rice Moth
20.4,64.2,11.4,LOW,NONE
35.0,87.3,30.3,HIGH,Rice Weevil
27.9,74.4,13.9,MEDIUM,Rice Weevil
29.0,69.2,13.4,MEDIUM,Rice Weevil
26.9,72.3,13.3,MEDIUM,Rice Weevil
39.2,90.2,18.3,HIGH,Lesser Grain Borer
38.6,94.7,28.1,HIGH,Lesser Grain Borer
37.5,92.1,28.5,HIGH,Lesser Grain Borer
21.0,52.4,11.8,LOW,NONE
20.4,50.3,11.9,LOW,NONE
38.7,76.5,26.1,HIGH,Lesser Grain Borer
31.6,90.5,21.1,HIGH,Rice Weevil
27.2,71.7,13.1,MEDIUM,Rice Weevil
27.9,69.5,13.5,MEDIUM,Rice Weevil
26.1,73.5,13.5,MEDIUM,Rice Weevil
21.8,50.5,10.4,LOW,NONE
22.6,54.6,13.0,LOW,NONE
27.6,74.4,13.9,MEDIUM,Rice Weevil
38.9,90.1,33.2,HIGH,Rice Moth
40.0,94.5,18.0,HIGH,Rice Weevil
21.8,64.6,11.4,LOW,NONE
34.7,78.4,15.1,HIGH,Rice Moth
24.1,61.1,12.2,LOW,NONE
29.9,72.4,13.9,MEDIUM,Rice Moth
29.7,74.7,13.8,MEDIUM,Rice Weevil
21.6,52.3,10.6,LOW,NONE
24.6,50.9,12.5,LOW,NONE
29.9,72.1,13.5,MEDIUM,Rice Weevil
34.7,94.9,27.0,HIGH,Rice Weevil
27.2,69.4,13.4,MEDIUM,Rice Weevil
22.9,53.6,11.5,LOW,NONE
31.6,92.2,28.7,HIGH,Rice Moth
36.7,77.2,34.4,HIGH,Rice Moth
29.8,73.4,13.7,MEDIUM,Rice Moth
32.0,87.9,15.7,HIGH,Rice Moth
36.8,86.1,31.5,HIGH,Rice Weevil
27.1,69.7,13.7,MEDIUM,Rice Moth
28.6,69.9,13.8,MEDIUM,Rice Moth
22.7,63.5,10.6,LOW,NONE
27.8,73.9,13.1,MEDIUM,Rice Moth
32.4,80.4,34.2,HIGH,Lesser Grain Borer
22.3,62.2,11.0,LOW,NONE
28.6,74.8,13.4,MEDIUM,Rice Weevil
21.6,63.6,10.1,LOW,NONE
30.0,73.4,13.2,MEDIUM,Rice Weevil
35.6,87.3,27.5,HIGH,Rice Weevil
33.1,88.6,17.2,HIGH,Rice Moth
24.9,60.6,12.1,LOW,NONE
28.9,71.7,13.7,MEDIUM,Rice Weevil
26.4,68.2,13.8,MEDIUM,Rice Weevil
35.7,89.0,32.1,HIGH,Rice Moth
23.0,58.1,11.1,LOW,NONE
35.7,78.4,29.8,HIGH,Rice Weevil
27.4,72.2,13.4,MEDIUM,Rice Moth
37.6,84.7,34.3,HIGH,Rice Moth
27.1,68.5,13.5,MEDIUM,Rice Weevil
31.1,84.5,20.4,HIGH,Rice Moth
29.7,68.8,13.7,MEDIUM,Rice Moth
27.4,68.3,13.7,MEDIUM,Rice Weevil
28.7,70.3,13.5,MEDIUM,Rice Moth
26.3,71.6,13.3,MEDIUM,Rice Moth
36.0,76.1,21.4,HIGH,Rice Weevil
34.3,78.1,33.6,HIGH,Lesser Grain Borer
38.5,79.5,24.0,HIGH,Rice Moth
22.0,64.9,10.5,LOW,NONE
23.0,65.2,12.7,LOW,NONE
39.1,78.9,14.5,HIGH,Lesser Grain Borer
24.4,57.4,10.9,LOW,NONE
29.8,72.2,13.9,MEDIUM,Rice Weevil
26.2,73.5,13.3,MEDIUM,Rice Weevil
26.3,74.7,13.5,MEDIUM,Rice Moth
23.5,66.2,11.5,LOW,NONE
29.1,71.2,14.0,MEDIUM,Rice Moth
31.9,82.7,26.6,HIGH,Rice Weevil
31.7,88.5,15.1,HIGH,Rice Weevil
37.5,84.1,28.1,HIGH,Rice Weevil
28.0,68.3,13.7,MEDIUM,Rice Moth
32.5,90.0,18.0,HIGH,Lesser Grain Borer
29.3,70.2,13.6,MEDIUM,Rice Moth
20.9,51.8,11.6,LOW,NONE
23.1,60.4,11.0,LOW,NONE
27.1,69.1,13.7,MEDIUM,Rice Moth
28.9,70.2,13.3,MEDIUM,Rice Moth
38.9,91.9,29.7,HIGH,Rice Moth
22.0,63.2,10.3,LOW,NONE
36.8,77.6,28.0,HIGH,Rice Weevil
24.9,65.8,10.1,LOW,NONE
34.3,88.1,34.4,HIGH,Lesser Grain Borer
31.7,90.1,33.2,HIGH,Rice Weevil
39.2,88.3,14.2,HIGH,Lesser Grain Borer
31.5,82.2,27.4,HIGH,Rice Moth
23.3,66.3,10.3,LOW,NONE
24.9,53.5,10.9,LOW,NONE
21.8,64.2,10.2,LOW,NONE
31.1,89.3,26.1,HIGH,Rice Weevil
29.5,68.9,13.2,MEDIUM,Rice Moth
29.2,68.6,13.2,MEDIUM,Rice Weevil
34.4,93.7,17.8,HIGH,Lesser Grain Borer
20.7,53.9,10.6,LOW,NONE
32.7,79.2,16.3,HIGH,Rice Weevil
23.5,54.1,11.1,LOW,NONE
21.0,59.1,10.5,LOW,NONE
22.1,51.8,10.4,LOW,NONE
26.7,73.1,13.2,MEDIUM,Rice Weevil
31.2,91.3,20.8,HIGH,Lesser Grain Borer
23.5,64.6,10.3,LOW,NONE
29.9,68.2,13.5,MEDIUM,Rice Weevil
20.5,63.3,12.2,LOW,NONE
28.9,68.9,13.2,MEDIUM,Rice Moth
20.8,58.4,12.5,LOW,NONE
23.1,57.8,10.3,LOW,NONE
28.7,70.7,13.5,MEDIUM,Rice Moth
34.1,81.0,28.4,HIGH,Rice Moth
22.5,59.9,12.2,LOW,NONE
29.3,71.8,13.3,MEDIUM,Rice Weevil
21.8,61.3,10.7,LOW,NONE
27.4,73.3,14.0,MEDIUM,Rice Moth
31.0,89.0,17.5,HIGH,Rice Moth
31.2,88.8,15.1,HIGH,Lesser Grain Borer
33.4,82.0,33.9,HIGH,Rice Moth
35.5,82.1,30.5,HIGH,Rice Weevil
21.4,50.8,10.3,LOW,NONE
28.2,71.4,13.5,MEDIUM,Rice Weevil
28.8,72.1,13.6,MEDIUM,Rice Weevil
32.0,83.8,19.4,HIGH,Rice Weevil
20.7,50.9,11.4,LOW,NONE
32.1,77.3,30.0,HIGH,Lesser Grain Borer
24.8,57.5,12.2,LOW,NONE
31.2,90.1,14.9,HIGH,Rice Weevil
39.2,81.8,31.5,HIGH,Rice Weevil
24.8,58.9,12.3,LOW,NONE
22.5,60.9,10.5,LOW,NONE
20.8,57.6,12.6,LOW,NONE
27.6,68.1,13.6,MEDIUM,Rice Moth
36.6,88.3,24.7,HIGH,Rice Weevil
33.7,79.7,33.8,HIGH,Rice Moth
32.5,77.4,26.3,HIGH,Lesser Grain Borer
20.5,59.8,11.6,LOW,NONE
27.8,68.8,13.3,MEDIUM,Rice Moth
28.7,70.4,13.5,MEDIUM,Rice Weevil
23.8,56.6,11.3,LOW,NONE
37.5,82.4,31.1,HIGH,Lesser Grain Borer
26.2,68.3,13.9,MEDIUM,Rice Moth
36.4,78.0,23.0,HIGH,Rice Moth
22.9,50.8,12.4,LOW,NONE
26.5,71.2,13.5,MEDIUM,Rice Weevil
35.2,83.0,31.4,HIGH,Rice Weevil
34.3,81.0,25.5,HIGH,Lesser Grain Borer
26.4,68.3,13.6,MEDIUM,Rice Moth
34.6,83.0,25.5,HIGH,Lesser Grain Borer
27.2,68.7,13.8,MEDIUM,Rice Weevil
26.3,73.7,13.3,MEDIUM,Rice Weevil
35.5,86.7,19.1,HIGH,Lesser Grain Borer
23.3,54.4,10.4,LOW,NONE
22.9,51.5,12.7,LOW,NONE
24.8,59.2,11.8,LOW,NONE
23.2,58.5,12.9,LOW,NONE
22.5,51.8,11.5,LOW,NONE
28.4,71.9,13.2,MEDIUM,Rice Moth
28.1,72.0,13.3,MEDIUM,Rice Weevil
37.5,76.9,32.9,HIGH,Rice Weevil
23.6,59.8,12.6,LOW,NONE
29.9,74.5,13.9,MEDIUM,Rice Weevil
26.4,70.2,13.7,MEDIUM,Rice Weevil
25.0,65.6,12.6,LOW,NONE
20.6,52.2,12.9,LOW,NONE
38.2,94.1,33.7,HIGH,Lesser Grain Borer
28.2,73.5,13.3,MEDIUM,Rice Moth
39.9,84.0,25.1,HIGH,Rice Weevil
31.5,85.5,34.7,HIGH,Rice Weevil
27.8,73.8,13.7,MEDIUM,Rice Moth
23.3,62.1,10.7,LOW,NONE
38.3,91.1,15.7,HIGH,Rice Weevil
29.8,68.2,13.7,MEDIUM,Rice Moth
27.6,73.7,13.7,MEDIUM,Rice Moth
28.9,68.9,13.7,MEDIUM,Rice Moth
30.0,71.5,13.9,MEDIUM,Rice Moth
31.4,84.7,31.6,HIGH,Lesser Grain Borer
21.6,54.7,10.7,LOW,NONE
26.9,68.4,13.2,MEDIUM,Rice Moth
31.7,87.3,32.5,HIGH,Rice Moth
38.5,85.8,20.3,HIGH,Rice Moth
22.7,62.8,11.9,LOW,NONE
24.5,50.0,11.6,LOW,NONE
29.8,68.0,13.8,MEDIUM,Rice Moth
33.9,94.7,29.8,HIGH,Rice Weevil
23.6,66.5,11.1,LOW,NONE
37.2,95.0,14.4,HIGH,Rice Moth
34.4,80.0,22.9,HIGH,Rice Moth
27.8,70.6,13.4,MEDIUM,Rice Moth
22.5,55.2,11.7,LOW,NONE
23.0,65.9,12.8,LOW,NONE
29.6,73.8,13.2,MEDIUM,Rice Moth
31.2,92.0,15.9,HIGH,Rice Weevil
28.6,71.5,13.1,MEDIUM,Rice Moth
26.0,71.7,13.6,MEDIUM,Rice Weevil
36.7,93.7,22.7,HIGH,Rice Moth
27.5,70.0,13.2,MEDIUM,Rice Weevil
35.3,93.7,20.8,HIGH,Rice Moth
31.7,94.8,27.3,HIGH,Lesser Grain Borer
22.0,61.1,12.8,LOW,NONE
28.8,69.9,13.3,MEDIUM,Rice Weevil
34.3,79.3,31.3,HIGH,Rice Weevil
33.5,84.0,32.1,HIGH,Rice Moth
26.1,69.8,13.2,MEDIUM,Rice Moth
22.5,53.1,10.5,LOW,NONE
31.9,78.2,22.9,HIGH,Rice Moth
21.2,62.0,11.0,LOW,NONE
23.9,54.9,11.8,LOW,NONE
21.7,66.4,12.3,LOW,NONE
27.1,74.4,13.5,MEDIUM,Rice Moth
20.2,52.1,10.6,LOW,NONE
23.5,58.9,11.5,LOW,NONE
24.1,65.9,12.8,LOW,NONE
22.9,58.6,11.7,LOW,NONE
33.2,85.6,29.3,HIGH,Lesser Grain Borer
28.7,69.6,13.1,MEDIUM,Rice Weevil
23.2,60.1,11.1,LOW,NONE
28.9,72.0,13.8,MEDIUM,Rice Moth
33.4,93.7,18.8,HIGH,Rice Weevil
37.3,80.0,24.8,HIGH,Rice Moth
32.3,80.2,15.0,HIGH,Rice Moth
27.8,73.3,14.0,MEDIUM,Rice Weevil
24.1,65.7,10.8,LOW,NONE
26.7,74.8,13.7,MEDIUM,Rice Moth
21.7,63.9,11.8,LOW,NONE
32.3,87.3,18.3,HIGH,Rice Moth
37.6,91.5,19.2,HIGH,Lesser Grain Borer
27.7,71.0,13.3,MEDIUM,Rice Moth
29.7,69.7,13.5,MEDIUM,Rice Weevil
28.9,74.5,13.8,MEDIUM,Rice Moth
26.9,69.4,13.2,MEDIUM,Rice Moth
26.8,74.8,13.7,MEDIUM,Rice Moth
31.1,83.5,28.1,HIGH,Rice Weevil
21.5,59.5,10.1,LOW,NONE
22.9,65.6,11.4,LOW,NONE
33.6,94.6,31.8,HIGH,Rice Weevil
21.5,59.2,10.7,LOW,NONE
28.1,71.5,13.2,MEDIUM,Rice Weevil
37.6,77.7,17.3,HIGH,Rice Moth
37.2,90.3,24.6,HIGH,Rice Weevil
31.7,76.2,29.5,HIGH,Lesser Grain Borer
26.2,75.0,13.5,MEDIUM,Rice Weevil
20.4,52.2,12.0,LOW,NONE
36.9,94.9,19.6,HIGH,Rice Moth
33.0,93.3,34.0,HIGH,Rice Moth
34.0,91.3,17.1,HIGH,Rice Weevil
37.9,85.9,16.9,HIGH,Rice Moth
27.2,68.1,13.2,MEDIUM,Rice Moth
20.7,54.6,10.4,LOW,NONE
20.3,59.1,10.8,LOW,NONE
21.7,64.9,11.6,LOW,NONE
26.9,70.4,13.7,MEDIUM,Rice Weevil
34.3,85.7,19.7,HIGH,Rice Moth
33.5,94.9,17.9,HIGH,Rice Weevil
28.3,74.4,14.0,MEDIUM,Rice Weevil
38.7,89.9,34.0,HIGH,Rice Weevil
22.9,64.5,12.7,LOW,NONE
29.8,71.5,13.4,MEDIUM,Rice Weevil
23.1,62.9,12.7,LOW,NONE
36.9,81.5,32.3,HIGH,Rice Moth
33.6,87.8,27.8,HIGH,Rice Weevil
24.9,58.9,12.0,LOW,NONE
24.3,65.3,12.6,LOW,NONE
24.5,62.5,12.9,LOW,NONE
29.5,68.0,13.3,MEDIUM,Rice Moth
23.7,56.7,11.8,LOW,NONE
21.7,51.1,10.2,LOW,NONE
33.6,79.7,22.0,HIGH,Rice Weevil
24.6,59.0,10.1,LOW,NONE
22.1,64.4,11.1,LOW,NONE
20.4,59.8,12.8,LOW,NONE
27.7,70.9,13.2,MEDIUM,Rice Weevil
26.0,70.5,13.2,MEDIUM,Rice Moth
20.6,55.8,10.7,LOW,NONE
28.3,69.1,13.2,MEDIUM,Rice Moth
24.6,58.6,12.8,LOW,NONE
24.0,65.8,12.2,LOW,NONE
37.1,89.8,26.7,HIGH,Rice Weevil
26.7,70.0,13.5,MEDIUM,Rice Moth
23.0,63.3,10.6,LOW,NONE
20.9,52.2,11.6,LOW,NONE
32.2,86.0,26.4,HIGH,Rice Moth
21.2,60.3,12.0,LOW,NONE
39.0,77.2,16.6,HIGH,Rice Weevil
32.0,80.6,25.7,HIGH,Lesser Grain Borer
23.9,64.5,10.5,LOW,NONE
22.8,65.3,12.6,LOW,NONE
37.1,86.9,25.0,HIGH,Rice Weevil
36.4,92.0,21.8,HIGH,Lesser Grain Borer
29.2,69.8,13.2,MEDIUM,Rice Moth
27.0,74.7,13.4,MEDIUM,Rice Weevil
28.6,73.0,13.7,MEDIUM,Rice Moth
33.0,90.4,16.3,HIGH,Lesser Grain Borer
38.6,78.5,29.6,HIGH,Lesser Grain Borer
24.7,61.3,10.8,LOW,NONE
36.8,92.3,23.1,HIGH,Rice Weevil
34.8,88.3,23.2,HIGH,Lesser Grain Borer
39.0,85.4,28.2,HIGH,Lesser Grain Borer
24.3,56.9,11.8,LOW,NONE
26.6,74.7,13.2,MEDIUM,Rice Weevil
38.5,85.3,16.6,HIGH,Lesser Grain Borer
23.1,65.4,10.8,LOW,NONE
22.5,53.1,10.1,LOW,NONE
27.6,71.0,13.7,MEDIUM,Rice Moth
27.6,72.4,13.5,MEDIUM,Rice Weevil
24.6,50.2,11.2,LOW,NONE
20.3,66.4,12.1,LOW,NONE
29.5,69.1,13.3,MEDIUM,Rice Weevil
28.5,70.0,13.8,MEDIUM,Rice Moth
27.5,68.3,13.6,MEDIUM,Rice Weevil
22.6,60.9,12.9,LOW,NONE
22.8,51.2,10.0,LOW,NONE
20.1,58.1,10.1,LOW,NONE
20.0,55.0,11.2,LOW,NONE
24.1,52.8,10.7,LOW,NONE
33.8,93.6,30.3,HIGH,Rice Weevil
22.8,64.6,11.1,LOW,NONE
23.5,61.7,11.4,LOW,NONE
39.5,86.9,17.9,HIGH,Rice Moth
29.3,71.4,13.2,MEDIUM,Rice Moth
32.3,88.9,27.5,HIGH,Rice Weevil
33.0,82.4,25.2,HIGH,Rice Weevil
23.6,50.2,12.4,LOW,NONE
27.8,70.7,13.7,MEDIUM,Rice Weevil
28.5,73.5,13.2,MEDIUM,Rice Moth
33.7,88.4,29.2,HIGH,Lesser Grain Borer
22.5,59.6,11.0,LOW,NONE
22.3,51.5,10.7,LOW,NONE
35.4,85.5,24.3,HIGH,Rice Weevil
31.1,76.4,29.9,HIGH,Lesser Grain Borer
23.2,63.9,12.2,LOW,NONE
36.8,91.9,24.3,HIGH,Lesser Grain Borer
36.1,92.6,16.0,HIGH,Rice Weevil
37.9,89.9,26.5,HIGH,Lesser Grain Borer
27.3,68.4,13.4,MEDIUM,Rice Weevil
29.5,68.8,13.5,MEDIUM,Rice Weevil
27.5,73.3,13.8,MEDIUM,Rice Weevil
22.5,57.6,10.3,LOW,NONE
27.1,72.4,13.2,MEDIUM,Rice Moth
31.6,89.1,23.6,HIGH,Lesser Grain Borer
29.2,72.5,13.8,MEDIUM,Rice Weevil
21.9,62.5,12.9,LOW,NONE
37.7,88.4,28.3,HIGH,Lesser Grain Borer
28.9,73.1,13.9,MEDIUM,Rice Weevil
21.3,51.2,12.1,LOW,NONE
26.7,69.9,13.5,MEDIUM,Rice Moth
20.1,51.8,10.0,LOW,NONE
31.9,82.4,21.4,HIGH,Lesser Grain Borer
27.8,70.1,13.3,MEDIUM,Rice Weevil
26.4,73.4,13.9,MEDIUM,Rice Moth
21.6,63.7,12.3,LOW,NONE
34.5,90.9,32.5,HIGH,Rice Moth
28.7,74.2,13.9,MEDIUM,Rice Moth
28.5,71.2,13.5,MEDIUM,Rice Moth
24.5,53.5,11.3,LOW,NONE
34.1,85.1,21.4,HIGH,Rice Moth
38.6,94.2,24.4,HIGH,Rice Moth
20.9,57.9,12.9,LOW,NONE
24.4,50.8,11.8,LOW,NONE
26.9,73.9,13.9,MEDIUM,Rice Moth
34.6,78.4,20.1,HIGH,Rice Moth
21.2,64.0,12.3,LOW,NONE
23.6,53.6,13.0,LOW,NONE
27.4,70.4,13.8,MEDIUM,Rice Weevil
27.0,73.2,13.8,MEDIUM,Rice Moth
36.8,81.8,17.0,HIGH,Rice Moth
21.5,61.0,11.5,LOW,NONE
24.9,52.3,12.1,LOW,NONE
20.8,63.0,11.8,LOW,NONE
29.8,70.3,13.8,MEDIUM,Rice Weevil
20.9,51.7,10.9,LOW,NONE
26.7,74.8,13.8,MEDIUM,Rice Moth
21.3,61.4,11.5,LOW,NONE
36.0,77.8,16.5,HIGH,Lesser Grain Borer
29.6,72.5,13.6,MEDIUM,Rice Moth
26.7,70.2,13.2,MEDIUM,Rice Weevil
28.5,72.9,13.6,MEDIUM,Rice Weevil
20.9,51.8,12.8,LOW,NONE
20.2,54.3,12.3,LOW,NONE
23.4,51.1,12.1,LOW,NONE
37.9,84.7,34.4,HIGH,Rice Moth
36.3,83.1,32.7,HIGH,Rice Weevil
36.7,87.9,15.8,HIGH,Rice Moth
26.7,72.2,13.4,MEDIUM,Rice Weevil
37.9,85.9,27.7,HIGH,Rice Moth
20.6,59.8,11.5,LOW,NONE
28.9,74.3,13.5,MEDIUM,Rice Weevil
33.5,91.2,18.1,HIGH,Rice Weevil
23.1,57.6,12.4,LOW,NONE
27.6,72.8,13.6,MEDIUM,Rice Weevil
26.3,68.3,13.8,MEDIUM,Rice Weevil
28.8,69.0,13.3,MEDIUM,Rice Weevil
29.8,69.9,13.4,MEDIUM,Rice Moth
20.1,57.9,11.5,LOW,NONE
35.9,78.5,22.0,HIGH,Rice Moth
27.9,74.7,13.3,MEDIUM,Rice Moth
36.2,79.7,33.7,HIGH,Rice Moth
33.9,81.9,19.5,HIGH,Lesser Grain Borer
23.0,65.4,12.7,LOW,NONE
39.9,84.6,23.3,HIGH,Lesser Grain Borer
22.7,60.5,12.2,LOW,NONE
28.2,74.4,14.0,MEDIUM,Rice Moth
21.4,50.7,10.2,LOW,NONE
34.4,88.5,31.0,HIGH,Rice Moth
28.7,70.7,13.6,MEDIUM,Rice Weevil
20.3,54.0,12.9,LOW,NONE
29.7,73.3,13.9,MEDIUM,Rice Weevil
27.7,70.5,13.6,MEDIUM,Rice Weevil
38.6,81.1,16.2,HIGH,Rice Moth
28.8,74.7,13.9,MEDIUM,Rice Moth
36.3,87.7,15.0,HIGH,Rice Moth
33.5,93.9,34.1,HIGH,Rice Moth
26.7,69.6,13.9,MEDIUM,Rice Moth
23.6,55.9,12.1,LOW,NONE
24.3,64.9,11.1,LOW,NONE
32.2,84.7,18.2,HIGH,Rice Weevil
28.6,71.3,13.9,MEDIUM,Rice Moth
23.6,50.7,11.1,LOW,NONE
31.3,90.3,27.0,HIGH,Rice Moth
35.5,92.4,19.0,HIGH,Lesser Grain Borer
20.0,55.3,10.3,LOW,NONE
20.8,64.3,11.3,LOW,NONE
26.4,74.6,13.7,MEDIUM,Rice Weevil
39.0,84.5,31.3,HIGH,Rice Moth
29.2,70.1,13.5,MEDIUM,Rice Moth
22.6,62.6,11.0,LOW,NONE
27.5,73.3,13.8,MEDIUM,Rice Moth
24.8,63.6,10.5,LOW,NONE
24.1,52.3,10.2,LOW,NONE
21.9,52.7,10.4,LOW,NONE
30.0,70.7,13.7,MEDIUM,Rice Weevil
37.8,94.6,14.2,HIGH,Lesser Grain Borer
38.3,83.8,34.2,HIGH,Rice Moth
33.9,90.1,27.1,HIGH,Rice Moth
23.7,61.6,12.0,LOW,NONE
28.4,74.3,13.1,MEDIUM,Rice Moth
29.5,69.7,13.4,MEDIUM,Rice Moth
23.3,57.6,10.7,LOW,NONE
29.9,74.0,14.0,MEDIUM,Rice Moth
27.3,70.4,13.8,MEDIUM,Rice Weevil
39.5,77.8,19.1,HIGH,Rice Weevil
21.6,57.1,11.1,LOW,NONE
20.6,66.8,11.5,LOW,NONE
24.3,59.7,12.4,LOW,NONE
38.5,83.9,32.2,HIGH,Rice Moth
27.3,71.5,13.7,MEDIUM,Rice Moth
32.3,77.9,18.2,HIGH,Lesser Grain Borer
29.5,69.0,13.9,MEDIUM,Rice Moth
26.2,69.4,13.8,MEDIUM,Rice Moth
35.4,81.8,32.4,HIGH,Rice Weevil
21.2,65.9,12.1,LOW,NONE
38.5,89.7,21.2,HIGH,Rice Moth
29.5,73.8,13.4,MEDIUM,Rice Moth
27.9,69.9,13.1,MEDIUM,Rice Moth
24.4,66.2,12.6,LOW,NONE
20.8,51.5,11.4,LOW,NONE
22.8,51.2,13.0,LOW,NONE
28.1,69.9,14.0,MEDIUM,Rice Moth
20.8,60.5,10.1,LOW,NONE
37.5,76.5,16.7,HIGH,Rice Weevil
21.7,53.3,11.5,LOW,NONE
29.5,74.4,13.5,MEDIUM,Rice Moth
27.3,74.1,13.7,MEDIUM,Rice Moth
24.1,61.0,10.3,LOW,NONE
23.1,60.6,10.6,LOW,NONE
22.3,61.9,11.2,LOW,NONE
21.4,56.7,12.1,LOW,NONE
35.0,77.3,16.7,HIGH,Rice Moth
29.3,70.8,14.0,MEDIUM,Rice Moth
26.2,68.6,13.6,MEDIUM,Rice Weevil
24.5,64.5,11.3,LOW,NONE
21.8,54.9,12.1,LOW,NONE
37.5,76.5,33.3,HIGH,Rice Moth
39.2,86.5,20.1,HIGH,Rice Weevil
35.6,77.5,20.9,HIGH,Lesser Grain Borer
22.0,63.1,11.7,LOW,NONE
31.1,76.1,27.2,HIGH,Rice Weevil
38.3,93.7,33.4,HIGH,Rice Weevil
36.1,77.8,25.8,HIGH,Lesser Grain Borer
33.4,85.4,31.7,HIGH,Lesser Grain Borer
27.7,74.0,13.1,MEDIUM,Rice Moth
35.0,77.8,28.7,HIGH,Rice Moth
26.9,72.1,13.3,MEDIUM,Rice Weevil
22.5,58.4,12.7,LOW,NONE
31.4,85.1,23.8,HIGH,Lesser Grain Borer
33.8,90.7,28.1,HIGH,Rice Weevil
26.2,71.7,13.8,MEDIUM,Rice Weevil
28.0,70.0,13.6,MEDIUM,Rice Weevil
32.5,88.0,24.9,HIGH,Lesser Grain Borer
27.8,70.9,13.9,MEDIUM,Rice Moth
39.0,89.4,14.5,HIGH,Rice Moth
29.4,71.2,13.8,MEDIUM,Rice Moth
24.4,53.9,11.9,LOW,NONE
39.4,94.9,32.3,HIGH,Rice Moth
23.2,62.8,11.3,LOW,NONE
34.6,80.1,31.8,HIGH,Rice Moth
23.3,52.1,12.3,LOW,NONE
26.8,70.4,13.6,MEDIUM,Rice Weevil
21.2,64.0,12.6,LOW,NONE
24.9,61.9,10.4,LOW,NONE
23.1,51.0,12.6,LOW,NONE
23.8,64.5,11.1,LOW,NONE
27.0,70.6,13.4,MEDIUM,Rice Weevil
20.8,52.9,11.7,LOW,NONE
23.4,52.5,13.0,LOW,NONE
21.3,53.6,13.0,LOW,NONE
22.5,60.7,12.4,LOW,NONE
35.3,79.2,21.9,HIGH,Rice Weevil
26.3,70.4,13.5,MEDIUM,Rice Weevil
38.3,90.7,30.2,HIGH,Rice Weevil
23.5,59.2,10.0,LOW,NONE
20.8,57.4,10.6,LOW,NONE
22.0,63.5,13.0,LOW,NONE
28.3,68.8,13.6,MEDIUM,Rice Weevil
24.2,54.5,11.9,LOW,NONE
34.1,94.7,26.5,HIGH,Rice Moth
29.0,73.7,14.0,MEDIUM,Rice Weevil
26.5,72.8,13.9,MEDIUM,Rice Weevil
20.6,55.8,12.1,LOW,NONE
34.8,86.7,34.6,HIGH,Lesser Grain Borer
36.4,91.4,28.6,HIGH,Lesser Grain Borer
32.2,85.8,30.9,HIGH,Rice Weevil
23.0,66.0,11.9,LOW,NONE
27.1,68.5,13.9,MEDIUM,Rice Moth
20.3,64.9,11.1,LOW,NONE
28.4,72.7,13.6,MEDIUM,Rice Weevil
23.0,57.9,10.1,LOW,NONE
20.4,55.7,11.4,LOW,NONE
27.9,69.7,13.1,MEDIUM,Rice Moth
27.0,71.1,13.3,MEDIUM,Rice Moth
28.7,70.2,13.3,MEDIUM,Rice Moth
33.0,93.7,16.0,HIGH,Rice Weevil
21.1,51.2,11.5,LOW,NONE
21.6,59.1,11.5,LOW,NONE
20.4,51.8,11.6,LOW,NONE
27.4,71.4,13.2,MEDIUM,Rice Weevil
24.5,50.5,11.4,LOW,NONE
21.6,66.8,12.6,LOW,NONE
22.1,59.8,12.8,LOW,NONE
32.8,84.1,20.5,HIGH,Rice Moth
39.2,86.4,22.8,HIGH,Rice Weevil
36.0,94.7,24.1,HIGH,Rice Moth
34.1,93.3,16.1,HIGH,Rice Weevil
39.1,94.5,31.9,HIGH,Rice Moth
24.7,57.4,11.3,LOW,NONE
20.5,54.1,10.5,LOW,NONE
35.5,79.7,23.5,HIGH,Lesser Grain Borer
26.2,74.1,13.8,MEDIUM,Rice Weevil
31.7,79.0,29.6,HIGH,Lesser Grain Borer
29.3,73.0,13.8,MEDIUM,Rice Weevil
36.5,89.3,26.2,HIGH,Lesser Grain Borer
27.9,74.3,13.6,MEDIUM,Rice Moth
35.1,84.4,27.7,HIGH,Lesser Grain Borer
27.4,70.2,13.3,MEDIUM,Rice Weevil
28.6,69.6,13.2,MEDIUM,Rice Moth
36.7,86.8,15.0,HIGH,Rice Moth
29.9,73.0,13.4,MEDIUM,Rice Weevil
22.7,52.8,11.7,LOW,NONE
33.6,83.3,32.3,HIGH,Lesser Grain Borer
22.0,55.4,12.4,LOW,NONE
29.6,70.8,14.0,MEDIUM,Rice Weevil
28.5,69.0,13.2,MEDIUM,Rice Weevil
28.8,74.3,13.5,MEDIUM,Rice Moth
38.6,94.3,33.9,HIGH,Rice Moth
20.5,57.1,12.4,LOW,NONE
28.0,72.8,13.1,MEDIUM,Rice Weevil
23.5,62.2,11.3,LOW,NONE
21.9,50.9,12.2,LOW,NONE
28.8,70.5,13.2,MEDIUM,Rice Weevil
28.0,71.3,13.4,MEDIUM,Rice Moth
39.3,82.5,28.5,HIGH,Rice Weevil
34.9,90.7,24.4,HIGH,Rice Weevil
24.4,50.5,10.8,LOW,NONE
21.0,58.6,11.3,LOW,NONE
28.0,74.9,13.4,MEDIUM,Rice Weevil
27.1,72.5,13.6,MEDIUM,Rice Weevil
22.7,59.9,10.7,LOW,NONE
35.5,92.3,16.2,HIGH,Rice Weevil
36.4,84.6,31.0,HIGH,Rice Weevil
36.9,78.3,20.3,HIGH,Rice Moth
28.8,73.5,13.8,MEDIUM,Rice Moth
29.2,74.5,14.0,MEDIUM,Rice Weevil
23.3,58.9,12.2,LOW,NONE
28.5,73.5,13.3,MEDIUM,Rice Moth
28.4,68.1,13.9,MEDIUM,Rice Weevil
20.5,55.4,10.8,LOW,NONE
22.0,53.7,11.6,LOW,NONE
32.5,76.4,31.9,HIGH,Lesser Grain Borer
38.1,89.7,16.7,HIGH,Rice Moth
26.1,70.8,13.8,MEDIUM,Rice Moth
34.7,91.8,24.4,HIGH,Rice Weevil
27.2,69.4,13.6,MEDIUM,Rice Moth
27.6,68.4,14.0,MEDIUM,Rice Weevil
28.6,75.0,13.2,MEDIUM,Rice Moth
35.2,79.8,31.8,HIGH,Rice Moth
28.2,69.5,13.1,MEDIUM,Rice Weevil
29.0,73.3,13.7,MEDIUM,Rice Weevil
27.0,72.2,13.9,MEDIUM,Rice Moth
33.8,84.7,32.6,HIGH,Rice Weevil
33.2,78.6,32.5,HIGH,Rice Moth
35.1,80.4,34.5,HIGH,Rice Moth
23.2,57.8,11.9,LOW,NONE
29.4,69.9,13.3,MEDIUM,Rice Moth
39.3,79.1,16.9,HIGH,Rice Weevil
29.4,69.3,14.0,MEDIUM,Rice Moth
22.5,60.4,10.7,LOW,NONE
20.7,52.9,10.4,LOW,NONE
34.5,86.9,28.9,HIGH,Rice Moth
23.2,63.0,11.6,LOW,NONE
38.8,93.6,21.9,HIGH,Rice Moth
25.0,65.0,11.6,LOW,NONE
38.5,81.9,33.0,HIGH,Rice Moth
38.5,86.1,24.2,HIGH,Lesser Grain Borer
26.6,74.2,14.0,MEDIUM,Rice Moth
26.9,74.9,13.2,MEDIUM,Rice Weevil
36.0,87.0,19.1,HIGH,Lesser Grain Borer
24.5,62.5,11.1,LOW,NONE
28.4,73.0,13.4,MEDIUM,Rice Moth
36.9,87.9,27.7,HIGH,Lesser Grain Borer
34.8,85.0,31.0,HIGH,Rice Moth
23.0,54.0,12.8,LOW,NONE
29.4,71.7,13.4,MEDIUM,Rice Weevil
29.7,69.9,13.9,MEDIUM,Rice Moth
26.3,70.4,13.9,MEDIUM,Rice Moth
20.6,63.9,10.8,LOW,NONE
31.6,88.8,25.3,HIGH,Lesser Grain Borer
39.3,83.8,23.7,HIGH,Lesser Grain Borer
27.5,70.9,13.6,MEDIUM,Rice Weevil
33.2,92.8,28.5,HIGH,Rice Moth
24.9,57.1,11.0,LOW,NONE
26.5,74.8,13.3,MEDIUM,Rice Weevil
23.2,64.1,12.3,LOW,NONE
38.2,89.5,22.2,HIGH,Lesser Grain Borer
28.4,68.3,13.4,MEDIUM,Rice Moth
21.8,58.2,11.5,LOW,NONE
23.9,65.9,10.6,LOW,NONE
34.0,78.5,19.7,HIGH,Lesser Grain Borer
27.1,68.4,13.9,MEDIUM,Rice Moth
21.2,52.9,10.1,LOW,NONE
26.1,71.2,14.0,MEDIUM,Rice Weevil
32.7,89.2,26.8,HIGH,Rice Weevil
27.5,68.1,13.6,MEDIUM,Rice Weevil
28.1,73.6,13.7,MEDIUM,Rice Moth
36.2,76.5,18.2,HIGH,Lesser Grain Borer
20.6,51.2,11.7,LOW,NONE
21.5,62.7,11.0,LOW,NONE
24.7,56.0,12.2,LOW,NONE
36.5,93.6,14.4,HIGH,Rice Weevil
24.8,58.1,12.8,LOW,NONE
28.3,74.2,13.1,MEDIUM,Rice Weevil
23.6,50.4,10.6,LOW,NONE
28.8,74.2,13.9,MEDIUM,Rice Weevil
28.4,69.1,13.9,MEDIUM,Rice Weevil
28.3,72.0,13.5,MEDIUM,Rice Moth
22.2,58.5,10.8,LOW,NONE
24.7,63.6,11.6,LOW,NONE
21.6,52.8,11.0,LOW,NONE
23.4,63.7,12.5,LOW,NONE
29.7,71.2,13.5,MEDIUM,Rice Moth
32.6,76.7,34.1,HIGH,Rice Weevil
34.4,81.7,25.0,HIGH,Lesser Grain Borer
23.0,58.8,10.2,LOW,NONE
22.3,54.9,11.4,LOW,NONE
33.9,76.3,30.2,HIGH,Rice Moth
39.3,85.8,24.7,HIGH,Lesser Grain Borer
36.0,88.3,29.3,HIGH,Rice Moth
31.1,83.4,27.5,HIGH,Rice Moth
25.0,52.5,11.3,LOW,NONE
25.0,63.4,10.3,LOW,NONE
23.7,66.8,10.9,LOW,NONE
21.1,60.9,11.9,LOW,NONE
26.3,72.8,13.8,MEDIUM,Rice Moth
28.5,74.6,13.3,MEDIUM,Rice Moth
29.2,73.4,13.4,MEDIUM,Rice Moth
23.1,63.0,13.0,LOW,NONE
24.2,58.4,11.8,LOW,NONE
36.9,81.9,22.0,HIGH,Rice Moth
26.1,71.4,13.1,MEDIUM,Rice Weevil
29.8,70.3,13.1,MEDIUM,Rice Weevil
38.4,79.9,23.3,HIGH,Lesser Grain Borer
39.6,77.8,21.0,HIGH,Lesser Grain Borer
26.3,74.3,13.5,MEDIUM,Rice Moth
22.6,55.2,10.1,LOW,NONE
31.7,86.8,29.2,HIGH,Lesser Grain Borer
39.1,78.1,21.1,HIGH,Rice Weevil
31.9,79.2,14.8,HIGH,Lesser Grain Borer
23.1,65.1,11.3,LOW,NONE
28.5,70.7,13.4,MEDIUM,Rice Weevil
40.0,91.5,31.3,HIGH,Rice Moth
38.1,81.5,31.5,HIGH,Rice Moth
35.4,87.4,22.1,HIGH,Rice Weevil
28.1,72.9,13.5,MEDIUM,Rice Moth
20.6,53.2,11.0,LOW,NONE
26.6,75.0,13.3,MEDIUM,Rice Weevil
23.6,61.1,11.6,LOW,NONE
31.8,76.1,17.8,HIGH,Lesser Grain Borer
24.5,52.6,12.1,LOW,NONE
23.7,64.2,12.8,LOW,NONE
29.3,72.7,13.4,MEDIUM,Rice Moth
38.5,76.0,34.4,HIGH,Rice Moth
35.7,86.3,16.1,HIGH,Rice Moth
22.3,63.7,10.5,LOW,NONE
28.6,69.2,13.4,MEDIUM,Rice Weevil
31.8,91.9,26.3,HIGH,Rice Weevil
21.7,50.2,11.0,LOW,NONE
21.6,65.5,12.7,LOW,NONE
25.0,53.8,11.8,LOW,NONE
39.4,87.3,28.7,HIGH,Lesser Grain Borer
38.1,77.0,14.5,HIGH,Lesser Grain Borer
27.7,69.6,13.4,MEDIUM,Rice Moth
35.5,84.6,32.0,HIGH,Rice Weevil
28.3,71.0,13.1,MEDIUM,Rice Weevil
20.8,67.0,12.9,LOW,NONE
24.7,65.5,11.5,LOW,NONE
33.3,90.2,29.0,HIGH,Rice Weevil
27.3,72.2,13.9,MEDIUM,Rice Weevil
29.1,70.1,13.9,MEDIUM,Rice Weevil
23.6,54.4,12.5,LOW,NONE
31.6,87.7,34.9,HIGH,Rice Moth
31.7,89.1,19.3,HIGH,Lesser Grain Borer
29.4,73.9,13.5,MEDIUM,Rice Moth
29.0,73.2,13.9,MEDIUM,Rice Weevil
23.1,52.0,11.9,LOW,NONE
26.6,72.5,13.8,MEDIUM,Rice Moth
27.6,73.2,13.2,MEDIUM,Rice Moth
28.4,73.6,13.1,MEDIUM,Rice Weevil
31.6,87.1,32.1,HIGH,Rice Weevil
32.3,93.3,30.7,HIGH,Rice Moth
20.2,60.8,11.4,LOW,NONE
27.8,72.2,13.4,MEDIUM,Rice Moth
39.9,77.9,33.4,HIGH,Rice Weevil
28.7,71.7,13.4,MEDIUM,Rice Weevil
31.3,76.8,24.1,HIGH,Rice Moth
22.9,64.7,12.3,LOW,NONE
21.4,63.0,10.6,LOW,NONE
21.3,63.5,11.2,LOW,NONE
32.5,85.5,16.1,HIGH,Rice Moth
26.1,73.9,14.0,MEDIUM,Rice Weevil
23.3,53.3,10.4,LOW,NONE
27.3,71.2,13.8,MEDIUM,Rice Moth
22.5,64.6,12.3,LOW,NONE
22.6,50.6,11.6,LOW,NONE
21.1,61.1,10.2,LOW,NONE
23.0,50.2,11.1,LOW,NONE
22.5,50.8,12.7,LOW,NONE
26.2,69.8,13.3,MEDIUM,Rice Weevil
29.6,69.3,13.9,MEDIUM,Rice Weevil
29.7,68.3,13.3,MEDIUM,Rice Weevil
27.2,70.7,13.6,MEDIUM,Rice Weevil
21.5,55.3,10.8,LOW,NONE
23.2,52.1,10.3,LOW,NONE
20.0,62.4,10.3,LOW,NONE
27.9,70.9,13.6,MEDIUM,Rice Weevil
33.6,78.0,27.7,HIGH,Rice Weevil
24.8,62.1,12.3,LOW,NONE
35.8,76.2,32.2,HIGH,Rice Moth
35.5,90.3,16.3,HIGH,Lesser Grain Borer
23.6,58.1,10.7,LOW,NONE
39.0,81.2,22.6,HIGH,Lesser Grain Borer
33.3,77.7,20.4,HIGH,Rice Weevil
21.3,63.3,11.4,LOW,NONE
27.2,74.0,13.9,MEDIUM,Rice Moth
22.6,63.5,12.9,LOW,NONE
24.2,53.5,10.6,LOW,NONE
28.6,73.7,13.5,MEDIUM,Rice Moth
38.6,76.3,32.2,HIGH,Rice Weevil
28.7,68.1,13.3,MEDIUM,Rice Weevil
32.8,88.9,23.4,HIGH,Lesser Grain Borer
27.0,72.6,14.0,MEDIUM,Rice Moth
26.3,72.8,13.4,MEDIUM,Rice Moth
29.4,68.9,14.0,MEDIUM,Rice Weevil
37.6,81.5,15.0,HIGH,Lesser Grain Borer
21.7,52.9,10.3,LOW,NONE
20.0,57.5,10.3,LOW,NONE
21.6,58.1,11.4,LOW,NONE
29.8,72.2,13.8,MEDIUM,Rice Moth
23.4,61.4,12.1,LOW,NONE
21.3,52.5,12.1,LOW,NONE
24.3,57.2,11.2,LOW,NONE
26.8,71.8,13.1,MEDIUM,Rice Weevil
39.1,89.8,24.1,HIGH,Lesser Grain Borer
28.0,68.1,13.8,MEDIUM,Rice Moth
29.1,72.8,13.7,MEDIUM,Rice Weevil
32.2,88.6,17.0,HIGH,Rice Weevil
28.6,71.9,13.4,MEDIUM,Rice Moth
21.0,63.3,10.4,LOW,NONE
28.5,73.0,13.4,MEDIUM,Rice Weevil
21.3,56.2,10.2,LOW,NONE
32.8,84.4,21.1,HIGH,Rice Moth
35.6,93.2,27.4,HIGH,Rice Weevil
38.7,84.3,28.2,HIGH,Rice Moth
35.3,89.9,24.6,HIGH,Rice Weevil
31.1,82.7,20.5,HIGH,Lesser Grain Borer
21.9,52.8,12.5,LOW,NONE
24.4,66.5,11.5,LOW,NONE
35.1,88.8,14.9,HIGH,Rice Moth
28.9,74.2,13.9,MEDIUM,Rice Moth
27.1,72.0,13.1,MEDIUM,Rice Moth
38.4,92.7,20.9,HIGH,Rice Weevil
21.1,60.1,11.1,LOW,NONE
40.0,84.9,33.4,HIGH,Rice Weevil
23.4,51.4,11.3,LOW,NONE
20.0,51.2,11.9,LOW,NONE
35.6,77.3,24.6,HIGH,Rice Moth
32.0,94.7,24.7,HIGH,Rice Moth
27.4,73.1,13.5,MEDIUM,Rice Moth
29.3,74.9,13.9,MEDIUM,Rice Moth
31.3,93.8,25.9,HIGH,Lesser Grain Borer
20.2,58.9,11.1,LOW,NONE
34.6,83.3,27.4,HIGH,Rice Weevil
37.0,92.1,26.5,HIGH,Rice Weevil
29.5,74.0,13.8,MEDIUM,Rice Weevil
22.7,64.3,10.4,LOW,NONE
24.3,62.3,10.4,LOW,NONE
24.9,56.1,12.4,LOW,NONE
27.3,69.6,13.8,MEDIUM,Rice Moth
27.6,72.9,14.0,MEDIUM,Rice Moth
38.0,83.2,17.7,HIGH,Lesser Grain Borer
23.3,53.3,12.7,LOW,NONE
26.2,74.4,14.0,MEDIUM,Rice Moth
20.5,51.1,12.4,LOW,NONE
29.8,72.8,13.4,MEDIUM,Rice Moth
27.8,68.6,13.5,MEDIUM,Rice Weevil
24.2,50.7,11.8,LOW,NONE
23.9,63.2,12.7,LOW,NONE
38.8,94.9,22.9,HIGH,Rice Weevil
23.9,56.8,10.8,LOW,NONE
22.2,59.1,12.2,LOW,NONE
26.7,72.2,13.6,MEDIUM,Rice Weevil
38.5,82.1,16.5,HIGH,Rice Moth
36.9,79.4,16.0,HIGH,Lesser Grain Borer
33.7,80.5,20.9,HIGH,Rice Weevil
26.5,68.2,13.6,MEDIUM,Rice Weevil
31.5,82.2,28.3,HIGH,Lesser Grain Borer
31.5,86.0,25.5,HIGH,Rice Weevil
32.2,81.9,32.6,HIGH,Rice Moth
27.1,70.9,13.5,MEDIUM,Rice Weevil
24.3,54.4,11.8,LOW,NONE
20.7,52.9,12.6,LOW,NONE
34.3,87.3,27.3,HIGH,Rice Moth
22.4,58.1,12.4,LOW,NONE
38.9,76.2,22.5,HIGH,Lesser Grain Borer
27.3,74.8,13.4,MEDIUM,Rice Weevil
21.1,61.6,10.5,LOW,NONE
27.5,69.2,13.9,MEDIUM,Rice Moth
32.5,83.3,18.2,HIGH,Rice Moth
26.1,73.3,13.7,MEDIUM,Rice Weevil
22.4,64.1,11.4,LOW,NONE
38.2,93.7,24.2,HIGH,Lesser Grain Borer
32.0,82.3,25.2,HIGH,Lesser Grain Borer
39.3,89.0,22.2,HIGH,Lesser Grain Borer
24.3,61.6,12.1,LOW,NONE
29.8,70.1,13.3,MEDIUM,Rice Moth
34.5,77.8,33.4,HIGH,Rice Weevil
39.0,79.7,33.0,HIGH,Rice Weevil
22.7,57.2,11.9,LOW,NONE
20.4,64.9,10.4,LOW,NONE
29.9,71.3,13.3,MEDIUM,Rice Moth
22.9,58.7,11.8,LOW,NONE
22.4,55.2,13.0,LOW,NONE
27.2,69.8,13.6,MEDIUM,Rice Weevil
27.4,70.2,13.4,MEDIUM,Rice Weevil
21.3,59.3,11.9,LOW,NONE
37.7,84.6,32.7,HIGH,Rice Weevil
21.7,55.9,12.4,LOW,NONE
33.7,93.7,16.3,HIGH,Rice Moth
22.2,57.6,12.7,LOW,NONE
33.4,91.3,21.2,HIGH,Rice Weevil
26.6,70.5,13.3,MEDIUM,Rice Weevil
38.4,83.8,27.0,HIGH,Lesser Grain Borer
39.7,86.1,23.7,HIGH,Rice Weevil
32.4,80.2,26.2,HIGH,Lesser Grain Borer
29.5,68.3,13.2,MEDIUM,Rice Weevil
23.7,64.5,11.9,LOW,NONE
22.1,57.1,10.5,LOW,NONE
37.1,79.1,26.2,HIGH,Lesser Grain Borer
33.5,77.4,14.9,HIGH,Lesser Grain Borer
28.7,74.7,13.9,MEDIUM,Rice Moth
29.3,68.6,13.5,MEDIUM,Rice Weevil
36.2,92.3,18.0,HIGH,Lesser Grain Borer
26.4,73.2,13.9,MEDIUM,Rice Weevil
20.7,58.4,12.1,LOW,NONE
23.2,56.0,11.2,LOW,NONE
28.1,73.1,13.5,MEDIUM,Rice Weevil
23.9,56.7,10.6,LOW,NONE
33.5,82.1,34.0,HIGH,Rice Weevil
32.7,84.4,33.0,HIGH,Lesser Grain Borer
22.5,53.9,11.8,LOW,NONE
26.2,68.9,13.7,MEDIUM,Rice Weevil
27.3,72.4,14.0,MEDIUM,Rice Weevil
33.4,93.9,27.8,HIGH,Rice Weevil
28.5,69.0,13.5,MEDIUM,Rice Weevil
27.7,68.3,13.8,MEDIUM,Rice Weevil
34.2,82.9,34.8,HIGH,Lesser Grain Borer
29.4,74.9,13.7,MEDIUM,Rice Moth
29.4,71.7,13.5,MEDIUM,Rice Weevil
38.4,91.8,22.1,HIGH,Rice Weevil
28.8,71.1,13.1,MEDIUM,Rice Moth
22.4,53.0,12.8,LOW,NONE
35.8,89.6,15.8,HIGH,Lesser Grain Borer
32.8,79.9,30.8,HIGH,Lesser Grain Borer
24.2,52.8,12.7,LOW,NONE
39.2,88.9,28.0,HIGH,Lesser Grain Borer
21.7,54.2,11.0,LOW,NONE
24.8,63.5,10.1,LOW,NONE
26.9,68.0,13.1,MEDIUM,Rice Weevil
28.5,69.9,13.8,MEDIUM,Rice Weevil
22.0,52.1,12.4,LOW,NONE
24.7,63.0,11.1,LOW,NONE
33.4,78.3,20.0,HIGH,Rice Weevil
32.2,76.9,27.3,HIGH,Lesser Grain Borer
34.7,92.7,14.4,HIGH,Lesser Grain Borer
26.1,69.8,13.2,MEDIUM,Rice Moth
35.3,83.0,14.8,HIGH,Rice Moth
26.6,69.3,13.4,MEDIUM,Rice Moth
39.0,82.0,31.3,HIGH,Lesser Grain Borer
22.9,50.4,12.5,LOW,NONE
31.1,80.5,22.6,HIGH,Lesser Grain Borer
27.1,73.0,13.8,MEDIUM,Rice Weevil
24.1,63.0,11.9,LOW,NONE
26.3,71.3,13.3,MEDIUM,Rice Weevil
20.6,51.3,12.5,LOW,NONE
23.2,55.7,12.3,LOW,NONE
26.7,68.3,13.9,MEDIUM,Rice Moth
23.5,56.4,11.4,LOW,NONE
24.3,51.8,12.1,LOW,NONE
39.8,89.4,25.0,HIGH,Rice Moth
33.6,88.7,34.9,HIGH,Rice Weevil
31.9,81.0,21.5,HIGH,Lesser Grain Borer
24.3,53.1,11.9,LOW,NONE
36.4,77.3,31.4,HIGH,Rice Moth
33.6,88.5,21.0,HIGH,Rice Weevil
24.6,57.5,12.0,LOW,NONE
28.1,70.2,13.4,MEDIUM,Rice Moth
21.6,61.7,12.7,LOW,NONE
27.6,72.1,13.2,MEDIUM,Rice Weevil
22.4,59.2,11.8,LOW,NONE
27.2,71.1,13.7,MEDIUM,Rice Moth
24.4,61.5,12.6,LOW,NONE
24.8,66.5,12.4,LOW,NONE
27.7,73.2,13.6,MEDIUM,Rice Moth
26.2,72.7,13.8,MEDIUM,Rice Moth
27.0,69.8,13.8,MEDIUM,Rice Moth
29.6,70.0,13.8,MEDIUM,Rice Moth
20.1,57.7,10.3,LOW,NONE
34.6,76.6,15.9,HIGH,Rice Moth
24.5,58.7,12.9,LOW,NONE
34.1,83.4,19.5,HIGH,Rice Moth
21.2,55.2,12.0,LOW,NONE
37.3,92.3,29.6,HIGH,Rice Moth
34.4,89.5,19.7,HIGH,Lesser Grain Borer
28.0,73.4,13.5,MEDIUM,Rice Weevil
33.1,91.5,19.3,HIGH,Rice Weevil
32.1,81.8,33.4,HIGH,Lesser Grain Borer
23.8,66.9,11.0,LOW,NONE
39.4,84.6,19.3,HIGH,Rice Weevil
28.7,71.1,13.5,MEDIUM,Rice Moth
30.0,74.5,13.6,MEDIUM,Rice Weevil
36.9,93.4,22.7,HIGH,Lesser Grain Borer
21.5,64.8,12.9,LOW,NONE
28.6,72.7,13.6,MEDIUM,Rice Weevil
26.9,68.7,13.9,MEDIUM,Rice Weevil
26.6,72.6,13.4,MEDIUM,Rice Moth
27.0,70.2,13.9,MEDIUM,Rice Weevil
27.9,68.1,13.2,MEDIUM,Rice Moth
21.4,58.3,11.9,LOW,NONE
25.0,56.5,10.4,LOW,NONE
37.4,86.1,24.1,HIGH,Rice Weevil
26.8,74.6,13.5,MEDIUM,Rice Weevil
33.0,76.8,14.2,HIGH,Rice Weevil
22.4,56.5,12.4,LOW,NONE
37.4,90.2,28.3,HIGH,Rice Moth
38.5,81.7,29.9,HIGH,Rice Weevil
26.6,70.2,13.4,MEDIUM,Rice Weevil
33.9,85.2,21.1,HIGH,Lesser Grain Borer
39.4,85.9,14.7,HIGH,Rice Moth
38.1,95.0,15.0,HIGH,Rice Moth
24.8,61.2,10.8,LOW,NONE
33.5,86.6,25.0,HIGH,Rice Moth
27.1,73.2,13.2,MEDIUM,Rice Moth
20.5,55.5,12.5,LOW,NONE
28.8,70.5,13.6,MEDIUM,Rice Weevil
23.5,66.0,12.9,LOW,NONE
29.2,73.5,13.7,MEDIUM,Rice Moth
26.1,72.8,13.9,MEDIUM,Rice Moth
24.9,61.3,12.7,LOW,NONE
22.2,62.3,10.6,LOW,NONE
21.6,52.3,12.2,LOW,NONE
37.3,76.8,16.2,HIGH,Lesser Grain Borer
24.8,52.5,10.9,LOW,NONE
29.7,71.4,13.7,MEDIUM,Rice Weevil
27.5,74.2,13.7,MEDIUM,Rice Weevil
36.6,85.4,22.2,HIGH,Lesser Grain Borer
36.7,88.7,21.2,HIGH,Rice Weevil
29.7,73.3,13.4,MEDIUM,Rice Weevil
39.6,79.7,20.9,HIGH,Rice Weevil
31.2,82.7,25.0,HIGH,Rice Moth
37.4,92.7,19.9,HIGH,Rice Weevil
38.8,85.8,24.9,HIGH,Rice Weevil
20.6,66.2,11.9,LOW,NONE
24.6,55.1,10.6,LOW,NONE
39.9,93.1,24.8,HIGH,Lesser Grain Borer
36.3,91.6,17.6,HIGH,Lesser Grain Borer
22.9,64.8,12.1,LOW,NONE
21.4,60.3,12.9,LOW,NONE
39.9,87.0,26.0,HIGH,Lesser Grain Borer
37.2,87.7,15.3,HIGH,Lesser Grain Borer
23.2,58.9,12.0,LOW,NONE
27.9,70.5,13.5,MEDIUM,Rice Moth
32.9,87.0,26.4,HIGH,Rice Weevil
28.6,69.7,13.6,MEDIUM,Rice Moth
29.6,70.3,13.8,MEDIUM,Rice Weevil
28.0,72.6,13.5,MEDIUM,Rice Moth
22.1,60.7,10.2,LOW,NONE
26.3,70.4,13.4,MEDIUM,Rice Weevil
29.9,73.8,13.7,MEDIUM,Rice Moth
33.9,85.4,21.0,HIGH,Rice Moth
35.4,78.2,18.9,HIGH,Rice Moth
26.1,73.5,13.5,MEDIUM,Rice Moth
21.3,59.3,12.9,LOW,NONE
20.8,56.2,12.7,LOW,NONE
39.5,85.3,14.7,HIGH,Rice Moth
23.6,56.4,11.2,LOW,NONE
24.9,59.5,11.5,LOW,NONE
27.2,70.2,13.6,MEDIUM,Rice Weevil
31.8,88.8,16.3,HIGH,Rice Weevil
26.4,70.5,13.6,MEDIUM,Rice Moth
31.5,85.1,24.6,HIGH,Lesser Grain Borer
21.4,53.0,11.1,LOW,NONE
27.9,73.3,13.3,MEDIUM,Rice Moth
27.5,74.9,13.7,MEDIUM,Rice Weevil
23.6,60.1,13.0,LOW,NONE
24.5,55.6,11.4,LOW,NONE
21.5,64.7,12.6,LOW,NONE
21.8,58.7,12.5,LOW,NONE
38.4,77.9,26.3,HIGH,Rice Weevil
38.1,82.6,17.2,HIGH,Rice Moth
20.9,53.0,10.3,LOW,NONE
35.0,78.7,25.7,HIGH,Lesser Grain Borer
34.8,76.8,26.9,HIGH,Lesser Grain Borer
22.7,55.6,12.8,LOW,NONE
24.4,55.7,12.5,LOW,NONE
29.2,70.0,14.0,MEDIUM,Rice Moth
21.0,54.4,12.4,LOW,NONE
28.6,73.2,13.6,MEDIUM,Rice Weevil
36.8,79.7,27.8,HIGH,Rice Moth
39.5,84.5,32.6,HIGH,Rice Weevil
22.6,60.8,11.6,LOW,NONE
24.1,50.3,10.0,LOW,NONE
39.2,89.9,18.7,HIGH,Rice Moth
26.4,73.9,13.5,MEDIUM,Rice Moth
33.5,92.7,26.0,HIGH,Rice Weevil
35.0,89.1,25.2,HIGH,Rice Moth
27.5,71.4,13.2,MEDIUM,Rice Weevil
31.1,83.0,30.7,HIGH,Lesser Grain Borer
29.5,71.7,13.8,MEDIUM,Rice Weevil
22.0,52.9,10.9,LOW,NONE
27.6,71.8,13.5,MEDIUM,Rice Moth
32.3,83.5,30.7,HIGH,Rice Moth
32.1,89.7,25.1,HIGH,Rice Weevil
27.4,68.0,13.4,MEDIUM,Rice Moth
27.8,72.0,13.9,MEDIUM,Rice Moth
28.5,68.9,13.4,MEDIUM,Rice Weevil
36.8,79.7,31.6,HIGH,Rice Moth
24.6,66.4,11.1,LOW,NONE
37.2,87.2,28.6,HIGH,Lesser Grain Borer
29.4,73.0,13.3,MEDIUM,Rice Weevil
37.0,87.9,21.2,HIGH,Rice Weevil
22.8,61.6,12.0,LOW,NONE
28.5,69.7,13.7,MEDIUM,Rice Weevil
26.7,72.2,13.8,MEDIUM,Rice Moth
35.2,86.5,28.9,HIGH,Rice Moth
26.5,73.3,13.5,MEDIUM,Rice Moth
31.5,81.2,14.2,HIGH,Rice Weevil
39.8,86.2,29.7,HIGH,Rice Moth
39.4,83.1,15.6,HIGH,Lesser Grain Borer
33.3,78.1,30.5,HIGH,Rice Weevil
27.0,72.2,13.8,MEDIUM,Rice Moth
20.2,57.7,12.6,LOW,NONE
26.6,71.4,13.6,MEDIUM,Rice Weevil
36.5,84.0,17.4,HIGH,Rice Moth
31.8,90.0,31.9,HIGH,Lesser Grain Borer
28.6,69.6,13.9,MEDIUM,Rice Moth
35.3,85.5,19.9,HIGH,Lesser Grain Borer
27.0,72.3,13.1,MEDIUM,Rice Moth
28.0,73.8,13.2,MEDIUM,Rice Weevil
23.9,54.3,12.5,LOW,NONE
33.6,86.9,14.2,HIGH,Rice Moth
20.7,52.3,11.6,LOW,NONE
30.0,72.1,13.8,MEDIUM,Rice Weevil
35.7,85.3,22.8,HIGH,Lesser Grain Borer
28.5,70.2,13.8,MEDIUM,Rice Weevil
24.9,61.7,11.7,LOW,NONE
27.0,71.5,13.6,MEDIUM,Rice Weevil
26.4,70.3,13.9,MEDIUM,Rice Moth
27.7,68.3,13.3,MEDIUM,Rice Weevil
27.9,74.8,13.2,MEDIUM,Rice Weevil
27.4,72.7,13.3,MEDIUM,Rice Weevil
23.7,59.7,10.3,LOW,NONE
39.5,80.8,19.9,HIGH,Rice Moth
21.8,66.8,10.3,LOW,NONE
28.7,68.2,13.3,MEDIUM,Rice Weevil
34.7,93.4,15.1,HIGH,Lesser Grain Borer
24.1,61.1,10.5,LOW,NONE
26.5,71.0,13.2,MEDIUM,Rice Moth
32.6,76.9,16.6,HIGH,Rice Moth
29.8,72.9,13.8,MEDIUM,Rice Moth
36.3,85.7,23.3,HIGH,Rice Weevil
21.2,52.0,12.8,LOW,NONE
38.1,92.9,15.3,HIGH,Rice Weevil
23.2,59.2,10.2,LOW,NONE
37.3,80.6,24.1,HIGH,Rice Moth
23.8,65.8,11.2,LOW,NONE
24.0,61.4,11.1,LOW,NONE
35.0,76.2,22.3,HIGH,Rice Moth
27.0,74.1,13.3,MEDIUM,Rice Moth
32.9,91.9,17.9,HIGH,Rice Moth
23.7,54.2,12.0,LOW,NONE
37.3,88.4,16.5,HIGH,Rice Weevil
27.2,68.4,13.8,MEDIUM,Rice Weevil
36.5,80.1,14.3,HIGH,Rice Moth
29.1,69.9,13.9,MEDIUM,Rice Weevil
27.2,71.3,13.5,MEDIUM,Rice Weevil
28.6,68.1,13.5,MEDIUM,Rice Moth
28.5,74.1,13.4,MEDIUM,Rice Moth
28.5,73.4,13.1,MEDIUM,Rice Weevil
20.9,61.1,12.3,LOW,NONE
24.3,61.5,10.7,LOW,NONE
27.3,74.5,13.5,MEDIUM,Rice Moth
29.7,72.9,13.9,MEDIUM,Rice Weevil
26.6,73.2,13.7,MEDIUM,Rice Weevil
27.7,70.5,13.3,MEDIUM,Rice Moth
20.8,61.8,10.9,LOW,NONE
22.4,50.8,12.7,LOW,NONE
21.0,65.1,11.6,LOW,NONE
28.4,71.2,13.5,MEDIUM,Rice Moth
28.7,69.2,14.0,MEDIUM,Rice Weevil
39.8,76.0,17.1,HIGH,Rice Moth
27.9,69.0,13.7,MEDIUM,Rice Weevil
22.5,65.0,12.9,LOW,NONE
20.2,53.9,10.7,LOW,NONE
35.7,85.5,31.2,HIGH,Rice Weevil
29.3,69.5,13.4,MEDIUM,Rice Moth
27.5,73.7,13.8,MEDIUM,Rice Weevil
34.3,82.7,26.3,HIGH,Lesser Grain Borer
36.3,79.2,32.9,HIGH,Rice Weevil
27.4,69.3,13.2,MEDIUM,Rice Moth
32.6,87.8,34.5,HIGH,Rice Moth
21.6,62.8,12.4,LOW,NONE
34.1,85.4,28.4,HIGH,Rice Moth
26.0,74.5,13.5,MEDIUM,Rice Moth
35.4,83.6,23.3,HIGH,Rice Moth
22.6,55.6,10.3,LOW,NONE
32.5,77.6,32.1,HIGH,Rice Moth
38.2,86.9,18.6,HIGH,Rice Weevil
21.5,64.0,10.1,LOW,NONE
37.6,87.9,14.9,HIGH,Lesser Grain Borer
38.1,89.5,21.8,HIGH,Lesser Grain Borer
38.5,77.0,16.8,HIGH,Rice Moth
24.1,66.6,11.4,LOW,NONE
27.2,68.7,13.8,MEDIUM,Rice Moth
28.8,73.6,13.4,MEDIUM,Rice Weevil
34.6,76.1,23.2,HIGH,Rice Moth
24.2,64.4,11.4,LOW,NONE
26.3,68.2,13.6,MEDIUM,Rice Moth
33.4,77.3,14.3,HIGH,Rice Weevil
28.5,74.2,13.5,MEDIUM,Rice Weevil
32.7,83.3,25.6,HIGH,Rice Moth
34.1,91.5,28.0,HIGH,Rice Weevil
29.9,72.8,13.7,MEDIUM,Rice Weevil
37.5,89.2,26.7,HIGH,Rice Moth
26.3,68.4,13.5,MEDIUM,Rice Weevil
29.4,68.7,13.2,MEDIUM,Rice Moth
26.6,70.1,13.8,MEDIUM,Rice Moth
22.7,58.2,12.3,LOW,NONE
27.4,71.1,13.7,MEDIUM,Rice Weevil
37.0,94.0,33.3,HIGH,Rice Moth
22.4,63.7,10.6,LOW,NONE
24.2,52.6,11.8,LOW,NONE
27.9,68.1,13.4,MEDIUM,Rice Moth
34.5,83.8,29.2,HIGH,Lesser Grain Borer
26.1,73.5,13.7,MEDIUM,Rice Weevil
27.8,72.6,13.3,MEDIUM,Rice Moth
39.0,81.0,32.4,HIGH,Lesser Grain Borer
26.9,73.4,13.2,MEDIUM,Rice Moth
22.3,66.7,10.2,LOW,NONE
24.0,55.4,12.4,LOW,NONE
28.0,74.8,13.5,MEDIUM,Rice Weevil
37.3,84.3,33.4,HIGH,Rice Moth
39.1,92.8,31.8,HIGH,Rice Moth
26.9,71.2,13.9,MEDIUM,Rice Moth
29.7,71.7,14.0,MEDIUM,Rice Moth
27.3,71.6,13.5,MEDIUM,Rice Weevil
26.5,69.1,13.8,MEDIUM,Rice Weevil
36.4,78.1,16.1,HIGH,Rice Weevil
33.1,77.1,31.4,HIGH,Rice Weevil
22.7,58.9,10.2,LOW,NONE
34.2,77.3,27.2,HIGH,Rice Weevil
21.7,50.9,11.6,LOW,NONE
37.4,84.2,26.2,HIGH,Lesser Grain Borer
24.9,65.0,11.8,LOW,NONE
21.2,59.0,10.3,LOW,NONE
23.1,56.9,11.2,LOW,NONE
26.7,68.7,13.1,MEDIUM,Rice Weevil
20.2,57.7,10.7,LOW,NONE
28.0,74.2,13.3,MEDIUM,Rice Weevil
28.1,72.3,14.0,MEDIUM,Rice Moth
32.3,85.8,14.4,HIGH,Rice Moth
28.7,71.5,13.8,MEDIUM,Rice Weevil
22.2,54.6,11.2,LOW,NONE
29.5,69.2,13.9,MEDIUM,Rice Weevil
37.1,81.6,25.6,HIGH,Lesser Grain Borer
27.4,69.1,13.9,MEDIUM,Rice Moth
33.0,79.0,28.9,HIGH,Rice Weevil
38.9,77.7,31.4,HIGH,Lesser Grain Borer
35.4,94.6,31.3,HIGH,Rice Moth
34.7,86.3,20.3,HIGH,Lesser Grain Borer
32.7,85.3,23.5,HIGH,Rice Moth
24.2,53.6,12.5,LOW,NONE
26.4,68.1,13.3,MEDIUM,Rice Moth
20.3,57.2,12.9,LOW,NONE
29.9,72.9,13.5,MEDIUM,Rice Weevil
21.9,53.4,11.3,LOW,NONE
20.0,63.2,10.8,LOW,NONE
23.0,59.9,12.6,LOW,NONE
27.5,74.3,13.3,MEDIUM,Rice Moth
31.0,77.3,21.9,HIGH,Rice Moth
20.5,66.1,12.4,LOW,NONE
28.0,68.2,13.8,MEDIUM,Rice Moth
37.0,91.2,27.6,HIGH,Rice Weevil
28.9,68.1,13.5,MEDIUM,Rice Moth
34.4,90.5,25.7,HIGH,Lesser Grain Borer
28.2,68.5,13.4,MEDIUM,Rice Moth
22.4,63.3,11.4,LOW,NONE
28.1,72.1,13.1,MEDIUM,Rice Weevil
21.1,57.4,11.2,LOW,NONE
26.5,73.6,13.5,MEDIUM,Rice Weevil
33.5,88.2,14.3,HIGH,Rice Moth
33.1,87.6,20.1,HIGH,Lesser Grain Borer
36.5,84.4,24.9,HIGH,Rice Weevil
27.6,71.5,13.9,MEDIUM,Rice Weevil
24.5,64.9,11.6,LOW,NONE
23.1,65.5,12.7,LOW,NONE
24.6,62.0,10.5,LOW,NONE
28.3,74.4,13.4,MEDIUM,Rice Weevil
22.1,59.4,12.2,LOW,NONE
39.9,78.0,26.0,HIGH,Rice Moth
27.5,70.7,14.0,MEDIUM,Rice Moth
28.7,69.7,13.8,MEDIUM,Rice Weevil
34.1,86.2,22.9,HIGH,Rice Moth
28.8,68.6,13.9,MEDIUM,Rice Weevil
20.2,65.1,11.9,LOW,NONE
26.4,68.2,13.1,MEDIUM,Rice Moth
21.7,50.8,11.3,LOW,NONE
26.3,70.7,13.2,MEDIUM,Rice Weevil
24.1,51.3,11.8,LOW,NONE
31.9,79.3,16.8,HIGH,Lesser Grain Borer
22.6,66.5,10.2,LOW,NONE
27.7,68.0,13.8,MEDIUM,Rice Weevil
28.6,71.3,13.5,MEDIUM,Rice Moth
33.7,82.2,21.9,HIGH,Lesser Grain Borer
36.4,76.5,19.1,HIGH,Lesser Grain Borer
26.7,69.8,13.9,MEDIUM,Rice Moth
27.9,68.9,13.9,MEDIUM,Rice Moth
24.1,56.8,12.3,LOW,NONE
22.3,56.3,10.2,LOW,NONE
22.9,54.3,11.0,LOW,NONE
20.4,58.3,10.9,LOW,NONE
28.4,69.5,13.7,MEDIUM,Rice Moth
21.1,60.3,12.6,LOW,NONE
36.3,80.5,17.7,HIGH,Rice Moth
22.7,58.8,11.0,LOW,NONE
34.0,91.0,21.0,HIGH,Lesser Grain Borer
20.8,52.4,10.7,LOW,NONE
27.6,73.9,13.6,MEDIUM,Rice Weevil
32.4,76.1,33.5,HIGH,Lesser Grain Borer
22.3,63.9,10.2,LOW,NONE
23.8,51.2,12.0,LOW,NONE
31.6,86.9,31.5,HIGH,Rice Weevil
28.0,72.1,13.2,MEDIUM,Rice Moth
36.3,77.5,15.0,HIGH,Rice Moth
34.9,92.4,21.9,HIGH,Rice Moth
23.5,61.9,12.1,LOW,NONE
35.3,94.5,14.4,HIGH,Rice Weevil
22.1,64.1,10.3,LOW,NONE
37.5,89.8,25.5,HIGH,Rice Moth
38.2,91.6,34.9,HIGH,Rice Moth
23.6,53.1,11.0,LOW,NONE
26.1,70.6,13.4,MEDIUM,Rice Weevil
35.9,88.1,30.1,HIGH,Rice Weevil
21.7,65.3,11.9,LOW,NONE
37.7,84.8,24.2,HIGH,Rice Weevil
24.8,63.5,11.1,LOW,NONE
38.3,77.1,28.5,HIGH,Lesser Grain Borer
32.5,88.4,27.6,HIGH,Lesser Grain Borer
26.6,69.3,13.8,MEDIUM,Rice Moth
21.7,59.7,12.3,LOW,NONE
34.4,91.1,30.5,HIGH,Rice Moth
34.6,80.3,19.3,HIGH,Rice Moth
37.3,92.1,28.7,HIGH,Rice Moth
20.1,62.2,12.7,LOW,NONE
27.2,73.7,13.2,MEDIUM,Rice Moth
28.3,70.7,14.0,MEDIUM,Rice Weevil
29.5,70.3,13.6,MEDIUM,Rice Weevil
30.0,73.7,13.6,MEDIUM,Rice Weevil
28.8,69.5,14.0,MEDIUM,Rice Moth
38.5,84.4,29.7,HIGH,Lesser Grain Borer
23.7,51.3,12.0,LOW,NONE
21.1,66.8,12.2,LOW,NONE
26.5,74.7,13.6,MEDIUM,Rice Weevil
37.6,84.4,31.3,HIGH,Lesser Grain Borer
37.9,84.7,20.0,HIGH,Rice Weevil
20.6,63.0,11.0,LOW,NONE
34.0,88.4,27.9,HIGH,Rice Weevil
34.3,94.6,28.5,HIGH,Rice Moth
38.9,91.8,31.8,HIGH,Rice Moth
38.7,89.6,29.9,HIGH,Lesser Grain Borer
33.6,86.1,30.0,HIGH,Lesser Grain Borer
20.1,56.9,12.8,LOW,NONE
33.8,85.0,17.1,HIGH,Rice Moth
29.8,68.7,14.0,MEDIUM,Rice Moth
22.2,57.1,11.1,LOW,NONE
26.3,74.3,14.0,MEDIUM,Rice Weevil
24.2,58.9,12.7,LOW,NONE
29.4,71.9,13.5,MEDIUM,Rice Weevil
21.3,61.5,12.7,LOW,NONE
37.8,89.8,34.4,HIGH,Rice Weevil
26.1,69.3,13.6,MEDIUM,Rice Weevil
32.8,86.8,33.4,HIGH,Lesser Grain Borer
29.3,70.5,13.2,MEDIUM,Rice Moth
33.1,79.4,21.0,HIGH,Lesser Grain Borer
23.3,59.4,11.1,LOW,NONE
24.5,56.4,11.2,LOW,NONE
34.3,89.7,17.5,HIGH,Rice Moth
22.8,58.9,11.6,LOW,NONE
24.9,65.6,10.5,LOW,NONE
35.1,82.0,14.3,HIGH,Rice Weevil
29.4,69.8,13.4,MEDIUM,Rice Weevil
32.8,84.0,16.0,HIGH,Lesser Grain Borer
28.9,72.9,13.3,MEDIUM,Rice Moth
20.3,54.5,10.1,LOW,NONE
28.8,69.2,13.5,MEDIUM,Rice Moth
20.6,56.1,12.2,LOW,NONE
34.5,87.6,34.9,HIGH,Lesser Grain Borer
22.5,62.4,10.3,LOW,NONE
38.7,77.1,31.9,HIGH,Lesser Grain Borer
24.1,50.1,10.8,LOW,NONE
36.4,82.6,32.1,HIGH,Rice Moth
26.9,71.1,13.7,MEDIUM,Rice Moth
24.8,59.9,11.3,LOW,NONE
21.9,57.8,10.1,LOW,NONE
22.5,51.0,10.7,LOW,NONE
21.3,60.5,12.1,LOW,NONE
21.6,59.4,12.7,LOW,NONE
36.5,94.5,16.9,HIGH,Rice Weevil
29.9,73.0,13.6,MEDIUM,Rice Weevil
28.4,72.2,13.9,MEDIUM,Rice Moth
28.1,72.1,13.5,MEDIUM,Rice Weevil
26.3,73.4,13.9,MEDIUM,Rice Moth
35.9,87.6,15.8,HIGH,Lesser Grain Borer
39.1,90.8,34.6,HIGH,Rice Moth
28.4,69.6,13.3,MEDIUM,Rice Weevil
34.2,84.9,15.5,HIGH,Lesser Grain Borer
24.6,62.9,10.7,LOW,NONE
36.9,83.5,19.3,HIGH,Rice Weevil
22.0,59.7,10.2,LOW,NONE
21.9,54.2,11.6,LOW,NONE
24.2,51.9,11.2,LOW,NONE
29.2,71.9,13.9,MEDIUM,Rice Weevil
39.7,84.3,31.4,HIGH,Rice Weevil
21.0,52.0,11.3,LOW,NONE
34.2,78.8,30.1,HIGH,Rice Moth
29.4,71.6,13.8,MEDIUM,Rice Weevil
31.8,84.9,33.0,HIGH,Rice Moth
24.0,65.6,12.3,LOW,NONE
28.3,70.3,13.6,MEDIUM,Rice Moth
27.2,68.6,13.3,MEDIUM,Rice Weevil
28.6,75.0,13.9,MEDIUM,Rice Moth
35.7,89.7,16.3,HIGH,Rice Moth
26.5,72.6,14.0,MEDIUM,Rice Weevil
23.7,57.5,12.4,LOW,NONE
36.2,77.5,20.5,HIGH,Lesser Grain Borer
20.9,66.2,11.5,LOW,NONE
22.9,58.7,10.3,LOW,NONE
29.9,74.8,13.8,MEDIUM,Rice Weevil
27.9,69.9,13.6,MEDIUM,Rice Weevil
22.3,65.2,11.8,LOW,NONE
35.8,80.4,18.8,HIGH,Rice Moth
28.6,70.3,13.2,MEDIUM,Rice Weevil
39.4,92.8,29.5,HIGH,Rice Weevil
26.9,70.3,13.8,MEDIUM,Rice Weevil
34.4,80.2,29.8,HIGH,Rice Weevil
23.5,65.0,10.5,LOW,NONE
40.0,79.1,31.3,HIGH,Lesser Grain Borer
26.9,73.3,13.7,MEDIUM,Rice Moth
20.6,56.0,11.1,LOW,NONE
27.4,73.8,13.6,MEDIUM,Rice Moth
36.0,77.3,32.3,HIGH,Rice Moth
39.9,84.8,30.8,HIGH,Rice Moth
37.2,94.1,18.9,HIGH,Rice Weevil
26.2,71.8,13.1,MEDIUM,Rice Moth
20.3,50.5,11.3,LOW,NONE
27.7,73.3,13.4,MEDIUM,Rice Weevil
28.3,68.9,13.6,MEDIUM,Rice Weevil
27.4,71.4,13.3,MEDIUM,Rice Weevil
29.4,71.5,13.3,MEDIUM,Rice Moth
33.3,92.5,22.3,HIGH,Rice Moth
23.6,64.3,12.6,LOW,NONE
20.2,58.9,11.7,LOW,NONE
31.2,83.5,20.0,HIGH,Rice Weevil
35.2,78.7,26.6,HIGH,Rice Moth
27.1,69.0,13.1,MEDIUM,Rice Weevil
35.4,84.6,25.5,HIGH,Rice Moth
28.8,73.9,13.6,MEDIUM,Rice Moth
34.0,83.9,15.4,HIGH,Rice Moth
21.1,63.3,12.7,LOW,NONE
38.4,89.0,24.1,HIGH,Rice Weevil
37.0,83.5,31.7,HIGH,Rice Moth
35.1,93.9,30.2,HIGH,Rice Weevil
28.2,74.9,13.9,MEDIUM,Rice Weevil
20.1,65.9,10.2,LOW,NONE
26.8,71.7,13.8,MEDIUM,Rice Weevil
38.4,81.3,17.5,HIGH,Rice Weevil
23.9,56.0,10.1,LOW,NONE
23.3,63.1,13.0,LOW,NONE
24.3,52.2,10.7,LOW,NONE
22.5,60.8,10.7,LOW,NONE
24.6,59.6,10.4,LOW,NONE
27.1,69.4,13.8,MEDIUM,Rice Weevil
35.6,79.7,22.2,HIGH,Lesser Grain Borer
28.2,68.9,13.7,MEDIUM,Rice Moth
29.6,70.2,13.6,MEDIUM,Rice Moth
36.6,81.9,32.3,HIGH,Lesser Grain Borer
39.0,86.3,27.9,HIGH,Rice Weevil
28.9,69.8,14.0,MEDIUM,Rice Weevil
31.2,92.5,24.9,HIGH,Rice Moth
35.3,89.6,23.3,HIGH,Rice Weevil
33.1,85.6,34.4,HIGH,Rice Weevil
20.1,52.1,11.6,LOW,NONE
24.9,58.0,10.4,LOW,NONE
26.7,69.9,13.3,MEDIUM,Rice Weevil
29.6,74.2,13.6,MEDIUM,Rice Weevil
22.1,57.4,10.8,LOW,NONE
28.4,68.9,13.3,MEDIUM,Rice Moth
34.8,84.7,29.8,HIGH,Rice Weevil
31.6,85.6,20.7,HIGH,Rice Moth
40.0,93.1,21.8,HIGH,Lesser Grain Borer
38.8,91.3,28.0,HIGH,Lesser Grain Borer
29.8,71.4,13.4,MEDIUM,Rice Weevil
38.7,92.0,31.4,HIGH,Lesser Grain Borer
26.3,74.4,13.9,MEDIUM,Rice Moth
20.7,58.8,10.2,LOW,NONE
23.7,50.4,10.2,LOW,NONE
22.5,52.8,12.7,LOW,NONE
20.5,54.6,10.2,LOW,NONE
23.1,61.3,12.3,LOW,NONE
36.8,94.1,24.1,HIGH,Lesser Grain Borer
26.1,73.1,13.3,MEDIUM,Rice Weevil
29.0,69.4,13.5,MEDIUM,Rice Weevil
34.0,94.3,30.0,HIGH,Rice Moth
27.8,73.6,13.3,MEDIUM,Rice Moth
20.3,50.6,11.4,LOW,NONE
22.4,56.3,10.4,LOW,NONE
27.3,68.7,13.9,MEDIUM,Rice Moth
29.3,70.2,13.7,MEDIUM,Rice Moth
33.0,83.5,20.2,HIGH,Rice Moth
34.9,81.6,33.1,HIGH,Rice Moth
23.1,53.7,11.3,LOW,NONE
38.8,76.9,32.2,HIGH,Rice Moth
29.2,71.0,13.6,MEDIUM,Rice Moth
32.3,92.1,19.5,HIGH,Rice Moth
26.7,74.6,13.8,MEDIUM,Rice Moth
36.5,83.7,16.7,HIGH,Rice Moth
26.9,71.3,13.2,MEDIUM,Rice Weevil
21.0,60.9,11.7,LOW,NONE
26.6,74.6,13.2,MEDIUM,Rice Weevil
28.8,73.0,13.4,MEDIUM,Rice Moth
34.4,79.0,24.0,HIGH,Rice Weevil
20.2,57.8,10.3,LOW,NONE
22.7,58.8,10.1,LOW,NONE
21.3,54.2,11.7,LOW,NONE
32.4,76.6,17.7,HIGH,Rice Moth
28.6,72.9,13.3,MEDIUM,Rice Weevil
20.1,65.5,11.5,LOW,NONE
31.4,79.7,15.0,HIGH,Lesser Grain Borer
26.8,73.7,13.7,MEDIUM,Rice Moth
26.1,71.8,13.8,MEDIUM,Rice Weevil
37.1,87.6,20.9,HIGH,Lesser Grain Borer
21.4,61.6,11.2,LOW,NONE
23.5,62.9,10.1,LOW,NONE
24.4,64.9,12.4,LOW,NONE
39.3,93.2,15.5,HIGH,Rice Weevil
27.2,68.9,13.5,MEDIUM,Rice Weevil
38.4,91.6,30.6,HIGH,Lesser Grain Borer
35.0,84.9,24.3,HIGH,Rice Weevil
28.7,72.0,13.4,MEDIUM,Rice Weevil
33.0,77.8,17.4,HIGH,Lesser Grain Borer
36.7,80.9,24.2,HIGH,Rice Weevil
26.1,68.3,14.0,MEDIUM,Rice Moth
26.3,69.7,13.4,MEDIUM,Rice Moth
27.8,73.4,13.8,MEDIUM,Rice Moth
28.5,70.8,13.8,MEDIUM,Rice Weevil
28.4,70.5,13.5,MEDIUM,Rice Weevil
21.8,51.2,12.8,LOW,NONE
35.9,94.4,15.8,HIGH,Rice Moth
33.3,82.3,14.3,HIGH,Rice Moth
23.1,52.7,12.1,LOW,NONE
34.5,80.8,30.2,HIGH,Lesser Grain Borer
